Interestingness,Cosine,Cosine,Cosine,Cosine,Cosine,Cosine,Cosine,Cosine,Cosine,Cosine,Cosine,Cosine,Cosine,Cosine,Cosine,Cosine,Cosine,Cosine,Cosine,Cosine,Cosine,Cosine,Cosine,Cosine,Cosine,Cosine,Cosine,Cosine,Cosine,Cosine,Cosine,Cosine,Cosine,Cosine,Cosine,Cosine,Coherence,Coherence,Coherence,Coherence,Coherence,Coherence,Coherence,Coherence,Coherence,Coherence,Coherence,Coherence,Coherence,Coherence,Coherence,Coherence,Coherence,Coherence,Coherence,Coherence,Coherence,Coherence,Coherence,Coherence,AllConf,AllConf,AllConf,AllConf,AllConf,AllConf,AllConf,AllConf,AllConf,AllConf,AllConf,AllConf,AllConf,AllConf,AllConf,AllConf,AllConf,AllConf,AllConf,AllConf,AllConf,AllConf,AllConf,AllConf,AllConf,AllConf,AllConf,AllConf,AllConf,AllConf,AllConf,AllConf,AllConf,AllConf,AllConf,AllConf,MaxConf,MaxConf,MaxConf,MaxConf,MaxConf,MaxConf,MaxConf,MaxConf,MaxConf,MaxConf,MaxConf,MaxConf,MaxConf,MaxConf,MaxConf,MaxConf,MaxConf,MaxConf,MaxConf,MaxConf,MaxConf,MaxConf,MaxConf,MaxConf,MaxConf,MaxConf,MaxConf,MaxConf,MaxConf,MaxConf,MaxConf,MaxConf,MaxConf,MaxConf,MaxConf,MaxConf,IR,IR,IR,IR,IR,IR,IR,IR,IR,IR,IR,IR,IR,IR,IR,IR,IR,IR,IR,IR,IR,IR,IR,IR,IR,IR,IR,IR,IR,IR,IR,IR,IR,IR,IR,IR,Kulczynski,Kulczynski,Kulczynski,Kulczynski,Kulczynski,Kulczynski,Kulczynski,Kulczynski,Kulczynski,Kulczynski,Kulczynski,Kulczynski,Kulczynski,Kulczynski,Kulczynski,Kulczynski,Kulczynski,Kulczynski,Kulczynski,Kulczynski,Kulczynski,Kulczynski,Kulczynski,Kulczynski,Kulczynski,Kulczynski,Kulczynski,Kulczynski,Kulczynski,Kulczynski,Kulczynski,Kulczynski,Kulczynski,Kulczynski,Kulczynski,Kulczynski
Thresold,0.05,0.05,0.05,0.05,0.05,0.05,0.05,0.05,0.05,0.05,0.05,0.05,0.1,0.1,0.1,0.1,0.1,0.1,0.1,0.1,0.1,0.1,0.1,0.1,0.6,0.6,0.6,0.6,0.6,0.6,0.6,0.6,0.6,0.6,0.6,0.6,0.05,0.05,0.05,0.05,0.05,0.05,0.05,0.05,0.05,0.05,0.05,0.05,0.1,0.1,0.1,0.1,0.1,0.1,0.1,0.1,0.1,0.1,0.1,0.1,0.05,0.05,0.05,0.05,0.05,0.05,0.05,0.05,0.05,0.05,0.05,0.05,0.1,0.1,0.1,0.1,0.1,0.1,0.1,0.1,0.1,0.1,0.1,0.1,0.6,0.6,0.6,0.6,0.6,0.6,0.6,0.6,0.6,0.6,0.6,0.6,0.05,0.05,0.05,0.05,0.05,0.05,0.05,0.05,0.05,0.05,0.05,0.05,0.1,0.1,0.1,0.1,0.1,0.1,0.1,0.1,0.1,0.1,0.1,0.1,0.6,0.6,0.6,0.6,0.6,0.6,0.6,0.6,0.6,0.6,0.6,0.6,0.05,0.05,0.05,0.05,0.05,0.05,0.05,0.05,0.05,0.05,0.05,0.05,0.1,0.1,0.1,0.1,0.1,0.1,0.1,0.1,0.1,0.1,0.1,0.1,0.6,0.6,0.6,0.6,0.6,0.6,0.6,0.6,0.6,0.6,0.6,0.6,0.05,0.05,0.05,0.05,0.05,0.05,0.05,0.05,0.05,0.05,0.05,0.05,0.1,0.1,0.1,0.1,0.1,0.1,0.1,0.1,0.1,0.1,0.1,0.1,0.6,0.6,0.6,0.6,0.6,0.6,0.6,0.6,0.6,0.6,0.6,0.6
Parts-of-speech,NN,NN,NN,NN,JJ,JJ,JJ,JJ,VB,VB,VB,VB,NN,NN,NN,NN,JJ,JJ,JJ,JJ,VB,VB,VB,VB,NN,NN,NN,NN,JJ,JJ,JJ,JJ,VB,VB,VB,VB,NN,NN,NN,NN,JJ,JJ,JJ,JJ,VB,VB,VB,VB,NN,NN,NN,NN,JJ,JJ,JJ,JJ,VB,VB,VB,VB,NN,NN,NN,NN,JJ,JJ,JJ,JJ,VB,VB,VB,VB,NN,NN,NN,NN,JJ,JJ,JJ,JJ,VB,VB,VB,VB,NN,NN,NN,NN,JJ,JJ,JJ,JJ,VB,VB,VB,VB,NN,NN,NN,NN,JJ,JJ,JJ,JJ,VB,VB,VB,VB,NN,NN,NN,NN,JJ,JJ,JJ,JJ,VB,VB,VB,VB,NN,NN,NN,NN,JJ,JJ,JJ,JJ,VB,VB,VB,VB,NN,NN,NN,NN,JJ,JJ,JJ,JJ,VB,VB,VB,VB,NN,NN,NN,NN,JJ,JJ,JJ,JJ,VB,VB,VB,VB,NN,NN,NN,NN,JJ,JJ,JJ,JJ,VB,VB,VB,VB,NN,NN,NN,NN,JJ,JJ,JJ,JJ,VB,VB,VB,VB,NN,NN,NN,NN,JJ,JJ,JJ,JJ,VB,VB,VB,VB,NN,NN,NN,NN,JJ,JJ,JJ,JJ,VB,VB,VB,VB
Evaluation,MRR,Hits1,Hits2,Hits4,MRR,Hits1,Hits2,Hits4,MRR,Hits1,Hits2,Hits4,MRR,Hits1,Hits2,Hits4,MRR,Hits1,Hits2,Hits4,MRR,Hits1,Hits2,Hits4,MRR,Hits1,Hits2,Hits4,MRR,Hits1,Hits2,Hits4,MRR,Hits1,Hits2,Hits4,MRR,Hits1,Hits2,Hits4,MRR,Hits1,Hits2,Hits4,MRR,Hits1,Hits2,Hits4,MRR,Hits1,Hits2,Hits4,MRR,Hits1,Hits2,Hits4,MRR,Hits1,Hits2,Hits4,MRR,Hits1,Hits2,Hits4,MRR,Hits1,Hits2,Hits4,MRR,Hits1,Hits2,Hits4,MRR,Hits1,Hits2,Hits4,MRR,Hits1,Hits2,Hits4,MRR,Hits1,Hits2,Hits4,MRR,Hits1,Hits2,Hits4,MRR,Hits1,Hits2,Hits4,MRR,Hits1,Hits2,Hits4,MRR,Hits1,Hits2,Hits4,MRR,Hits1,Hits2,Hits4,MRR,Hits1,Hits2,Hits4,MRR,Hits1,Hits2,Hits4,MRR,Hits1,Hits2,Hits4,MRR,Hits1,Hits2,Hits4,MRR,Hits1,Hits2,Hits4,MRR,Hits1,Hits2,Hits4,MRR,Hits1,Hits2,Hits4,MRR,Hits1,Hits2,Hits4,MRR,Hits1,Hits2,Hits4,MRR,Hits1,Hits2,Hits4,MRR,Hits1,Hits2,Hits4,MRR,Hits1,Hits2,Hits4,MRR,Hits1,Hits2,Hits4,MRR,Hits1,Hits2,Hits4,MRR,Hits1,Hits2,Hits4,MRR,Hits1,Hits2,Hits4,MRR,Hits1,Hits2,Hits4,MRR,Hits1,Hits2,Hits4,MRR,Hits1,Hits2,Hits4,MRR,Hits1,Hits2,Hits4,MRR,Hits1,Hits2,Hits4,MRR,Hits1,Hits2,Hits4,MRR,Hits1,Hits2,Hits4,MRR,Hits1,Hits2,Hits4,MRR,Hits1,Hits2,Hits4
nGram_5-numRule_1000-supA_100.0-supB_100.0-condAB_0.05-condBA_0.05,0.01903974,0.018211920529801,0.001655629139073,0,0.0125,0.0125,0,0,0.17894737,0.178947368421053,0,0,0.01903974,0.018211920529801,0.001655629139073,0,0.0125,0.0125,0,0,0.17894737,0.178947368421053,0,0,0.02483444,0.024834437086093,0,0,0,0,0,0,0.05263158,0.052631578947369,0,0,0.01986755,0.019867549668874,0,0,0.01875,0.01875,0,0,0.17894737,0.178947368421053,0,0,0.01490067,0.014900662251656,0,0,0.0125,0.0125,0,0,0.15263158,0.152631578947368,0,0,0.01903974,0.018211920529801,0.001655629139073,0,0.0125,0.0125,0,0,0.17894737,0.178947368421053,0,0,0.0165563,0.016556291390729,0,0,0.0125,0.0125,0,0,0.2,0.2,0,0,0.00827815,0.008278145695364,0,0,0,0,0,0,0,0,0,0,0.01903974,0.018211920529801,0.001655629139073,0,0.0125,0.0125,0,0,0.17631579,0.173684210526316,0.005263157894737,0,0.01903974,0.018211920529801,0.001655629139073,0,0.0125,0.0125,0,0,0.17631579,0.173684210526316,0.005263157894737,0,0.01903974,0.018211920529801,0.001655629139073,0,0.0125,0.0125,0,0,0.17631579,0.173684210526316,0.005263157894737,0,0.01903974,0.018211920529801,0.001655629139073,0,0.0125,0.0125,0,0,0.17631579,0.173684210526316,0.005263157894737,0,0.01903974,0.018211920529801,0.001655629139073,0,0.0125,0.0125,0,0,0.17631579,0.173684210526316,0.005263157894737,0,0.01903974,0.018211920529801,0.001655629139073,0,0.0125,0.0125,0,0,0.17631579,0.173684210526316,0.005263157894737,0,0.01903974,0.018211920529801,0.001655629139073,0,0.0125,0.0125,0,0,0.17894737,0.178947368421053,0,0,0.01903974,0.018211920529801,0.001655629139073,0,0.0125,0.0125,0,0,0.17894737,0.178947368421053,0,0,0.02483444,0.024834437086093,0,0,0,0,0,0,0.12105264,0.121052631578947,0,0
nGram_5-numRule_1000-supA_100.0-supB_100.0-condAB_0.05-condBA_0.1,0.01903974,0.018211920529801,0.001655629139073,0,0.0125,0.0125,0,0,0.17894737,0.178947368421053,0,0,0.01903974,0.018211920529801,0.001655629139073,0,0.0125,0.0125,0,0,0.17894737,0.178947368421053,0,0,0.02483444,0.024834437086093,0,0,0,0,0,0,0.05263158,0.052631578947369,0,0,0.01986755,0.019867549668874,0,0,0.01875,0.01875,0,0,0.17894737,0.178947368421053,0,0,0.01490067,0.014900662251656,0,0,0.0125,0.0125,0,0,0.15263158,0.152631578947368,0,0,0.01903974,0.018211920529801,0.001655629139073,0,0.0125,0.0125,0,0,0.17894737,0.178947368421053,0,0,0.0165563,0.016556291390729,0,0,0.0125,0.0125,0,0,0.2,0.2,0,0,0.00827815,0.008278145695364,0,0,0,0,0,0,0,0,0,0,0.01903974,0.018211920529801,0.001655629139073,0,0.0125,0.0125,0,0,0.17631579,0.173684210526316,0.005263157894737,0,0.01903974,0.018211920529801,0.001655629139073,0,0.0125,0.0125,0,0,0.17631579,0.173684210526316,0.005263157894737,0,0.01903974,0.018211920529801,0.001655629139073,0,0.0125,0.0125,0,0,0.17631579,0.173684210526316,0.005263157894737,0,0.01903974,0.018211920529801,0.001655629139073,0,0.0125,0.0125,0,0,0.17631579,0.173684210526316,0.005263157894737,0,0.01903974,0.018211920529801,0.001655629139073,0,0.0125,0.0125,0,0,0.17631579,0.173684210526316,0.005263157894737,0,0.01903974,0.018211920529801,0.001655629139073,0,0.0125,0.0125,0,0,0.17631579,0.173684210526316,0.005263157894737,0,0.01903974,0.018211920529801,0.001655629139073,0,0.0125,0.0125,0,0,0.17894737,0.178947368421053,0,0,0.01903974,0.018211920529801,0.001655629139073,0,0.0125,0.0125,0,0,0.17894737,0.178947368421053,0,0,0.02483444,0.024834437086093,0,0,0,0,0,0,0.12105264,0.121052631578947,0,0
nGram_5-numRule_1000-supA_100.0-supB_100.0-condAB_0.1-condBA_0.05,0.0165563,0.016556291390729,0,0,0.0125,0.0125,0,0,0.2,0.2,0,0,0.0165563,0.016556291390729,0,0,0.0125,0.0125,0,0,0.2,0.2,0,0,0.02483444,0.024834437086093,0,0,0,0,0,0,0.05263158,0.052631578947369,0,0,0.0165563,0.016556291390729,0,0,0.0125,0.0125,0,0,0.2,0.2,0,0,0.01490067,0.014900662251656,0,0,0.0125,0.0125,0,0,0.15263158,0.152631578947368,0,0,0.0165563,0.016556291390729,0,0,0.0125,0.0125,0,0,0.2,0.2,0,0,0.0165563,0.016556291390729,0,0,0.0125,0.0125,0,0,0.2,0.2,0,0,0.00827815,0.008278145695364,0,0,0,0,0,0,0,0,0,0,0.01572848,0.014900662251656,0.001655629139073,0,0.0125,0.0125,0,0,0.19736843,0.194736842105263,0.005263157894737,0,0.01572848,0.014900662251656,0.001655629139073,0,0.0125,0.0125,0,0,0.19736843,0.194736842105263,0.005263157894737,0,0.01572848,0.014900662251656,0.001655629139073,0,0.0125,0.0125,0,0,0.19736843,0.194736842105263,0.005263157894737,0,0.01572848,0.014900662251656,0.001655629139073,0,0.0125,0.0125,0,0,0.19736843,0.194736842105263,0.005263157894737,0,0.01572848,0.014900662251656,0.001655629139073,0,0.0125,0.0125,0,0,0.19736843,0.194736842105263,0.005263157894737,0,0.01407285,0.013245033112583,0.001655629139073,0,0.0125,0.0125,0,0,0.19736843,0.194736842105263,0.005263157894737,0,0.0165563,0.016556291390729,0,0,0.0125,0.0125,0,0,0.2,0.2,0,0,0.0165563,0.016556291390729,0,0,0.0125,0.0125,0,0,0.2,0.2,0,0,0.02483444,0.024834437086093,0,0,0,0,0,0,0.12105264,0.121052631578947,0,0
nGram_5-numRule_1000-supA_100.0-supB_100.0-condAB_0.1-condBA_0.1,0.0165563,0.016556291390729,0,0,0.0125,0.0125,0,0,0.2,0.2,0,0,0.0165563,0.016556291390729,0,0,0.0125,0.0125,0,0,0.2,0.2,0,0,0.02483444,0.024834437086093,0,0,0,0,0,0,0.05263158,0.052631578947369,0,0,0.0165563,0.016556291390729,0,0,0.0125,0.0125,0,0,0.2,0.2,0,0,0.01490067,0.014900662251656,0,0,0.0125,0.0125,0,0,0.15263158,0.152631578947368,0,0,0.0165563,0.016556291390729,0,0,0.0125,0.0125,0,0,0.2,0.2,0,0,0.0165563,0.016556291390729,0,0,0.0125,0.0125,0,0,0.2,0.2,0,0,0.00827815,0.008278145695364,0,0,0,0,0,0,0,0,0,0,0.01572848,0.014900662251656,0.001655629139073,0,0.0125,0.0125,0,0,0.19736843,0.194736842105263,0.005263157894737,0,0.01572848,0.014900662251656,0.001655629139073,0,0.0125,0.0125,0,0,0.19736843,0.194736842105263,0.005263157894737,0,0.01572848,0.014900662251656,0.001655629139073,0,0.0125,0.0125,0,0,0.19736843,0.194736842105263,0.005263157894737,0,0.01572848,0.014900662251656,0.001655629139073,0,0.0125,0.0125,0,0,0.19736843,0.194736842105263,0.005263157894737,0,0.01572848,0.014900662251656,0.001655629139073,0,0.0125,0.0125,0,0,0.19736843,0.194736842105263,0.005263157894737,0,0.01407285,0.013245033112583,0.001655629139073,0,0.0125,0.0125,0,0,0.19736843,0.194736842105263,0.005263157894737,0,0.0165563,0.016556291390729,0,0,0.0125,0.0125,0,0,0.2,0.2,0,0,0.0165563,0.016556291390729,0,0,0.0125,0.0125,0,0,0.2,0.2,0,0,0.02483444,0.024834437086093,0,0,0,0,0,0,0.12105264,0.121052631578947,0,0
nGram_5-numRule_1000-supA_100.0-supB_20.0-condAB_0.05-condBA_0.05,0.0165563,0.014900662251656,0.003311258278146,0,0.0125,0.0125,0,0,0.15526316,0.131578947368421,0.047368421052632,0,0.0165563,0.014900662251656,0.003311258278146,0,0.0125,0.0125,0,0,0.15526316,0.131578947368421,0.047368421052632,0,0.02483444,0.024834437086093,0,0,0,0,0,0,0.05263158,0.052631578947369,0,0,0.0165563,0.014900662251656,0.003311258278146,0,0.01875,0.01875,0,0,0.15526316,0.131578947368421,0.047368421052632,0,0.01490067,0.014900662251656,0,0,0,0,0,0,0.16052632,0.157894736842105,0.005263157894737,0,0.0165563,0.014900662251656,0.003311258278146,0,0.0125,0.0125,0,0,0.15526316,0.131578947368421,0.047368421052632,0,0.0165563,0.016556291390729,0,0,0,0,0,0,0.18157895,0.157894736842105,0.047368421052632,0,0.00827815,0.008278145695364,0,0,0,0,0,0,0,0,0,0,0.01572848,0.013245033112583,0.004966887417219,0,0.0125,0.0125,0,0,0.15175439,0.126315789473684,0.047368421052632,0,0.01572848,0.013245033112583,0.004966887417219,0,0.0125,0.0125,0,0,0.15175439,0.126315789473684,0.047368421052632,0,0.01572848,0.013245033112583,0.004966887417219,0,0.0125,0.0125,0,0,0.15175439,0.126315789473684,0.047368421052632,0,0.01738411,0.016556291390729,0.001655629139073,0,0.0125,0.0125,0,0,0.1754386,0.173684210526316,0,0,0.01738411,0.016556291390729,0.001655629139073,0,0.0125,0.0125,0,0,0.1754386,0.173684210526316,0,0,0.01738411,0.016556291390729,0.001655629139073,0,0.0125,0.0125,0,0,0.1754386,0.173684210526316,0,0,0.0165563,0.014900662251656,0.003311258278146,0,0.0125,0.0125,0,0,0.15526316,0.131578947368421,0.047368421052632,0,0.0165563,0.014900662251656,0.003311258278146,0,0.0125,0.0125,0,0,0.15526316,0.131578947368421,0.047368421052632,0,0.02317881,0.02317880794702,0,0,0,0,0,0,0.12280702,0.121052631578947,0,0
nGram_5-numRule_1000-supA_100.0-supB_20.0-condAB_0.05-condBA_0.1,0.0165563,0.014900662251656,0.003311258278146,0,0.0125,0.0125,0,0,0.15526316,0.131578947368421,0.047368421052632,0,0.0165563,0.014900662251656,0.003311258278146,0,0.0125,0.0125,0,0,0.15526316,0.131578947368421,0.047368421052632,0,0.02483444,0.024834437086093,0,0,0,0,0,0,0.05263158,0.052631578947369,0,0,0.0165563,0.014900662251656,0.003311258278146,0,0.01875,0.01875,0,0,0.15526316,0.131578947368421,0.047368421052632,0,0.01490067,0.014900662251656,0,0,0,0,0,0,0.16052632,0.157894736842105,0.005263157894737,0,0.0165563,0.014900662251656,0.003311258278146,0,0.0125,0.0125,0,0,0.15526316,0.131578947368421,0.047368421052632,0,0.0165563,0.016556291390729,0,0,0,0,0,0,0.18157895,0.157894736842105,0.047368421052632,0,0.00827815,0.008278145695364,0,0,0,0,0,0,0,0,0,0,0.01572848,0.013245033112583,0.004966887417219,0,0.0125,0.0125,0,0,0.15175439,0.126315789473684,0.047368421052632,0,0.01572848,0.013245033112583,0.004966887417219,0,0.0125,0.0125,0,0,0.15175439,0.126315789473684,0.047368421052632,0,0.01572848,0.013245033112583,0.004966887417219,0,0.0125,0.0125,0,0,0.15175439,0.126315789473684,0.047368421052632,0,0.01738411,0.016556291390729,0.001655629139073,0,0.0125,0.0125,0,0,0.1754386,0.173684210526316,0,0,0.01738411,0.016556291390729,0.001655629139073,0,0.0125,0.0125,0,0,0.1754386,0.173684210526316,0,0,0.01738411,0.016556291390729,0.001655629139073,0,0.0125,0.0125,0,0,0.1754386,0.173684210526316,0,0,0.0165563,0.014900662251656,0.003311258278146,0,0.0125,0.0125,0,0,0.15526316,0.131578947368421,0.047368421052632,0,0.0165563,0.014900662251656,0.003311258278146,0,0.0125,0.0125,0,0,0.15526316,0.131578947368421,0.047368421052632,0,0.02317881,0.02317880794702,0,0,0,0,0,0,0.12280702,0.121052631578947,0,0
nGram_5-numRule_1000-supA_100.0-supB_20.0-condAB_0.1-condBA_0.05,0.0165563,0.016556291390729,0,0,0,0,0,0,0.18157895,0.157894736842105,0.047368421052632,0,0.0165563,0.016556291390729,0,0,0,0,0,0,0.18157895,0.157894736842105,0.047368421052632,0,0.02483444,0.024834437086093,0,0,0,0,0,0,0.05263158,0.052631578947369,0,0,0.0165563,0.016556291390729,0,0,0,0,0,0,0.18157895,0.157894736842105,0.047368421052632,0,0.01490067,0.014900662251656,0,0,0,0,0,0,0.16052632,0.157894736842105,0.005263157894737,0,0.0165563,0.016556291390729,0,0,0,0,0,0,0.18157895,0.157894736842105,0.047368421052632,0,0.0165563,0.016556291390729,0,0,0,0,0,0,0.18157895,0.157894736842105,0.047368421052632,0,0.00827815,0.008278145695364,0,0,0,0,0,0,0,0,0,0,0.01572848,0.014900662251656,0.001655629139073,0,0,0,0,0,0.1754386,0.147368421052632,0.052631578947369,0,0.01572848,0.014900662251656,0.001655629139073,0,0,0,0,0,0.1754386,0.147368421052632,0.052631578947369,0,0.01572848,0.014900662251656,0.001655629139073,0,0,0,0,0,0.1754386,0.147368421052632,0.052631578947369,0,0.01572848,0.014900662251656,0.001655629139073,0,0,0,0,0,0.19912281,0.194736842105263,0.005263157894737,0,0.01572848,0.014900662251656,0.001655629139073,0,0,0,0,0,0.19912281,0.194736842105263,0.005263157894737,0,0.01572848,0.014900662251656,0.001655629139073,0,0,0,0,0,0.19912281,0.194736842105263,0.005263157894737,0,0.0165563,0.016556291390729,0,0,0,0,0,0,0.18157895,0.157894736842105,0.047368421052632,0,0.0165563,0.016556291390729,0,0,0,0,0,0,0.18157895,0.157894736842105,0.047368421052632,0,0.02317881,0.02317880794702,0,0,0,0,0,0,0.12280702,0.121052631578947,0,0
nGram_5-numRule_1000-supA_100.0-supB_20.0-condAB_0.1-condBA_0.1,0.0165563,0.016556291390729,0,0,0,0,0,0,0.18157895,0.157894736842105,0.047368421052632,0,0.0165563,0.016556291390729,0,0,0,0,0,0,0.18157895,0.157894736842105,0.047368421052632,0,0.02483444,0.024834437086093,0,0,0,0,0,0,0.05263158,0.052631578947369,0,0,0.0165563,0.016556291390729,0,0,0,0,0,0,0.18157895,0.157894736842105,0.047368421052632,0,0.01490067,0.014900662251656,0,0,0,0,0,0,0.16052632,0.157894736842105,0.005263157894737,0,0.0165563,0.016556291390729,0,0,0,0,0,0,0.18157895,0.157894736842105,0.047368421052632,0,0.0165563,0.016556291390729,0,0,0,0,0,0,0.18157895,0.157894736842105,0.047368421052632,0,0.00827815,0.008278145695364,0,0,0,0,0,0,0,0,0,0,0.01572848,0.014900662251656,0.001655629139073,0,0,0,0,0,0.1754386,0.147368421052632,0.052631578947369,0,0.01572848,0.014900662251656,0.001655629139073,0,0,0,0,0,0.1754386,0.147368421052632,0.052631578947369,0,0.01572848,0.014900662251656,0.001655629139073,0,0,0,0,0,0.1754386,0.147368421052632,0.052631578947369,0,0.01572848,0.014900662251656,0.001655629139073,0,0,0,0,0,0.19912281,0.194736842105263,0.005263157894737,0,0.01572848,0.014900662251656,0.001655629139073,0,0,0,0,0,0.19912281,0.194736842105263,0.005263157894737,0,0.01572848,0.014900662251656,0.001655629139073,0,0,0,0,0,0.19912281,0.194736842105263,0.005263157894737,0,0.0165563,0.016556291390729,0,0,0,0,0,0,0.18157895,0.157894736842105,0.047368421052632,0,0.0165563,0.016556291390729,0,0,0,0,0,0,0.18157895,0.157894736842105,0.047368421052632,0,0.02317881,0.02317880794702,0,0,0,0,0,0,0.12280702,0.121052631578947,0,0
nGram_5-numRule_1000-supA_20.0-supB_100.0-condAB_0.05-condBA_0.05,0.01903974,0.018211920529801,0.001655629139073,0,0.0125,0.0125,0,0,0.17894737,0.178947368421053,0,0,0.01903974,0.018211920529801,0.001655629139073,0,0.0125,0.0125,0,0,0.17894737,0.178947368421053,0,0,0.02483444,0.024834437086093,0,0,0,0,0,0,0.05263158,0.052631578947369,0,0,0.01986755,0.019867549668874,0,0,0.01875,0.01875,0,0,0.17894737,0.178947368421053,0,0,0.01490067,0.014900662251656,0,0,0.0125,0.0125,0,0,0.15263158,0.152631578947368,0,0,0.01903974,0.018211920529801,0.001655629139073,0,0.0125,0.0125,0,0,0.17894737,0.178947368421053,0,0,0.0165563,0.016556291390729,0,0,0.0125,0.0125,0,0,0.2,0.2,0,0,0.00827815,0.008278145695364,0,0,0,0,0,0,0,0,0,0,0.01903974,0.018211920529801,0.001655629139073,0,0.0125,0.0125,0,0,0.17631579,0.173684210526316,0.005263157894737,0,0.01903974,0.018211920529801,0.001655629139073,0,0.0125,0.0125,0,0,0.17631579,0.173684210526316,0.005263157894737,0,0.01903974,0.018211920529801,0.001655629139073,0,0.0125,0.0125,0,0,0.17631579,0.173684210526316,0.005263157894737,0,0.01903974,0.018211920529801,0.001655629139073,0,0.0125,0.0125,0,0,0.17631579,0.173684210526316,0.005263157894737,0,0.01903974,0.018211920529801,0.001655629139073,0,0.0125,0.0125,0,0,0.17631579,0.173684210526316,0.005263157894737,0,0.01903974,0.018211920529801,0.001655629139073,0,0.0125,0.0125,0,0,0.17631579,0.173684210526316,0.005263157894737,0,0.01903974,0.018211920529801,0.001655629139073,0,0.0125,0.0125,0,0,0.17894737,0.178947368421053,0,0,0.01903974,0.018211920529801,0.001655629139073,0,0.0125,0.0125,0,0,0.17894737,0.178947368421053,0,0,0.02483444,0.024834437086093,0,0,0,0,0,0,0.12105264,0.121052631578947,0,0
nGram_5-numRule_1000-supA_20.0-supB_100.0-condAB_0.05-condBA_0.1,0.01903974,0.018211920529801,0.001655629139073,0,0.0125,0.0125,0,0,0.17894737,0.178947368421053,0,0,0.01903974,0.018211920529801,0.001655629139073,0,0.0125,0.0125,0,0,0.17894737,0.178947368421053,0,0,0.02483444,0.024834437086093,0,0,0,0,0,0,0.05263158,0.052631578947369,0,0,0.01986755,0.019867549668874,0,0,0.01875,0.01875,0,0,0.17894737,0.178947368421053,0,0,0.01490067,0.014900662251656,0,0,0.0125,0.0125,0,0,0.15263158,0.152631578947368,0,0,0.01903974,0.018211920529801,0.001655629139073,0,0.0125,0.0125,0,0,0.17894737,0.178947368421053,0,0,0.0165563,0.016556291390729,0,0,0.0125,0.0125,0,0,0.2,0.2,0,0,0.00827815,0.008278145695364,0,0,0,0,0,0,0,0,0,0,0.01903974,0.018211920529801,0.001655629139073,0,0.0125,0.0125,0,0,0.17631579,0.173684210526316,0.005263157894737,0,0.01903974,0.018211920529801,0.001655629139073,0,0.0125,0.0125,0,0,0.17631579,0.173684210526316,0.005263157894737,0,0.01903974,0.018211920529801,0.001655629139073,0,0.0125,0.0125,0,0,0.17631579,0.173684210526316,0.005263157894737,0,0.01903974,0.018211920529801,0.001655629139073,0,0.0125,0.0125,0,0,0.17631579,0.173684210526316,0.005263157894737,0,0.01903974,0.018211920529801,0.001655629139073,0,0.0125,0.0125,0,0,0.17631579,0.173684210526316,0.005263157894737,0,0.01903974,0.018211920529801,0.001655629139073,0,0.0125,0.0125,0,0,0.17631579,0.173684210526316,0.005263157894737,0,0.01903974,0.018211920529801,0.001655629139073,0,0.0125,0.0125,0,0,0.17894737,0.178947368421053,0,0,0.01903974,0.018211920529801,0.001655629139073,0,0.0125,0.0125,0,0,0.17894737,0.178947368421053,0,0,0.02483444,0.024834437086093,0,0,0,0,0,0,0.12105264,0.121052631578947,0,0
nGram_5-numRule_1000-supA_20.0-supB_100.0-condAB_0.1-condBA_0.05,0.0165563,0.016556291390729,0,0,0.0125,0.0125,0,0,0.2,0.2,0,0,0.0165563,0.016556291390729,0,0,0.0125,0.0125,0,0,0.2,0.2,0,0,0.02483444,0.024834437086093,0,0,0,0,0,0,0.05263158,0.052631578947369,0,0,0.0165563,0.016556291390729,0,0,0.0125,0.0125,0,0,0.2,0.2,0,0,0.01490067,0.014900662251656,0,0,0.0125,0.0125,0,0,0.15263158,0.152631578947368,0,0,0.0165563,0.016556291390729,0,0,0.0125,0.0125,0,0,0.2,0.2,0,0,0.0165563,0.016556291390729,0,0,0.0125,0.0125,0,0,0.2,0.2,0,0,0.00827815,0.008278145695364,0,0,0,0,0,0,0,0,0,0,0.01572848,0.014900662251656,0.001655629139073,0,0.0125,0.0125,0,0,0.19736843,0.194736842105263,0.005263157894737,0,0.01572848,0.014900662251656,0.001655629139073,0,0.0125,0.0125,0,0,0.19736843,0.194736842105263,0.005263157894737,0,0.01572848,0.014900662251656,0.001655629139073,0,0.0125,0.0125,0,0,0.19736843,0.194736842105263,0.005263157894737,0,0.01572848,0.014900662251656,0.001655629139073,0,0.0125,0.0125,0,0,0.19736843,0.194736842105263,0.005263157894737,0,0.01572848,0.014900662251656,0.001655629139073,0,0.0125,0.0125,0,0,0.19736843,0.194736842105263,0.005263157894737,0,0.01407285,0.013245033112583,0.001655629139073,0,0.0125,0.0125,0,0,0.19736843,0.194736842105263,0.005263157894737,0,0.0165563,0.016556291390729,0,0,0.0125,0.0125,0,0,0.2,0.2,0,0,0.0165563,0.016556291390729,0,0,0.0125,0.0125,0,0,0.2,0.2,0,0,0.02483444,0.024834437086093,0,0,0,0,0,0,0.12105264,0.121052631578947,0,0
nGram_5-numRule_1000-supA_20.0-supB_100.0-condAB_0.1-condBA_0.1,0.0165563,0.016556291390729,0,0,0.0125,0.0125,0,0,0.2,0.2,0,0,0.0165563,0.016556291390729,0,0,0.0125,0.0125,0,0,0.2,0.2,0,0,0.02483444,0.024834437086093,0,0,0,0,0,0,0.05263158,0.052631578947369,0,0,0.0165563,0.016556291390729,0,0,0.0125,0.0125,0,0,0.2,0.2,0,0,0.01490067,0.014900662251656,0,0,0.0125,0.0125,0,0,0.15263158,0.152631578947368,0,0,0.0165563,0.016556291390729,0,0,0.0125,0.0125,0,0,0.2,0.2,0,0,0.0165563,0.016556291390729,0,0,0.0125,0.0125,0,0,0.2,0.2,0,0,0.00827815,0.008278145695364,0,0,0,0,0,0,0,0,0,0,0.01572848,0.014900662251656,0.001655629139073,0,0.0125,0.0125,0,0,0.19736843,0.194736842105263,0.005263157894737,0,0.01572848,0.014900662251656,0.001655629139073,0,0.0125,0.0125,0,0,0.19736843,0.194736842105263,0.005263157894737,0,0.01572848,0.014900662251656,0.001655629139073,0,0.0125,0.0125,0,0,0.19736843,0.194736842105263,0.005263157894737,0,0.01572848,0.014900662251656,0.001655629139073,0,0.0125,0.0125,0,0,0.19736843,0.194736842105263,0.005263157894737,0,0.01572848,0.014900662251656,0.001655629139073,0,0.0125,0.0125,0,0,0.19736843,0.194736842105263,0.005263157894737,0,0.01407285,0.013245033112583,0.001655629139073,0,0.0125,0.0125,0,0,0.19736843,0.194736842105263,0.005263157894737,0,0.0165563,0.016556291390729,0,0,0.0125,0.0125,0,0,0.2,0.2,0,0,0.0165563,0.016556291390729,0,0,0.0125,0.0125,0,0,0.2,0.2,0,0,0.02483444,0.024834437086093,0,0,0,0,0,0,0.12105264,0.121052631578947,0,0
nGram_5-numRule_1000-supA_20.0-supB_20.0-condAB_0.05-condBA_0.05,0.0165563,0.014900662251656,0.003311258278146,0,0.0125,0.0125,0,0,0.15526316,0.131578947368421,0.047368421052632,0,0.0165563,0.014900662251656,0.003311258278146,0,0.0125,0.0125,0,0,0.15526316,0.131578947368421,0.047368421052632,0,0.02317881,0.02317880794702,0,0,0,0,0,0,0.05263158,0.052631578947369,0,0,0.0165563,0.014900662251656,0.003311258278146,0,0.01875,0.01875,0,0,0.15526316,0.131578947368421,0.047368421052632,0,0.01490067,0.014900662251656,0,0,0,0,0,0,0.16052632,0.157894736842105,0.005263157894737,0,0.0165563,0.014900662251656,0.003311258278146,0,0.0125,0.0125,0,0,0.15526316,0.131578947368421,0.047368421052632,0,0.0165563,0.016556291390729,0,0,0,0,0,0,0.18157895,0.157894736842105,0.047368421052632,0,0.00827815,0.008278145695364,0,0,0,0,0,0,0,0,0,0,0.01572848,0.013245033112583,0.004966887417219,0,0.0125,0.0125,0,0,0.15175439,0.126315789473684,0.047368421052632,0,0.01572848,0.013245033112583,0.004966887417219,0,0.0125,0.0125,0,0,0.15175439,0.126315789473684,0.047368421052632,0,0.01572848,0.013245033112583,0.004966887417219,0,0.0125,0.0125,0,0,0.15175439,0.126315789473684,0.047368421052632,0,0.01738411,0.016556291390729,0.001655629139073,0,0.0125,0.0125,0,0,0.1754386,0.173684210526316,0,0,0.01738411,0.016556291390729,0.001655629139073,0,0.0125,0.0125,0,0,0.1754386,0.173684210526316,0,0,0.01738411,0.016556291390729,0.001655629139073,0,0.0125,0.0125,0,0,0.1754386,0.173684210526316,0,0,0.0165563,0.014900662251656,0.003311258278146,0,0.0125,0.0125,0,0,0.15526316,0.131578947368421,0.047368421052632,0,0.0165563,0.014900662251656,0.003311258278146,0,0.0125,0.0125,0,0,0.15526316,0.131578947368421,0.047368421052632,0,0.02152318,0.021523178807947,0,0,0,0,0,0,0.12017544,0.115789473684211,0.005263157894737,0
nGram_5-numRule_1000-supA_20.0-supB_20.0-condAB_0.05-condBA_0.1,0.0165563,0.014900662251656,0.003311258278146,0,0.0125,0.0125,0,0,0.15526316,0.131578947368421,0.047368421052632,0,0.0165563,0.014900662251656,0.003311258278146,0,0.0125,0.0125,0,0,0.15526316,0.131578947368421,0.047368421052632,0,0.02317881,0.02317880794702,0,0,0,0,0,0,0.05263158,0.052631578947369,0,0,0.0165563,0.014900662251656,0.003311258278146,0,0.01875,0.01875,0,0,0.15526316,0.131578947368421,0.047368421052632,0,0.01490067,0.014900662251656,0,0,0,0,0,0,0.16052632,0.157894736842105,0.005263157894737,0,0.0165563,0.014900662251656,0.003311258278146,0,0.0125,0.0125,0,0,0.15526316,0.131578947368421,0.047368421052632,0,0.0165563,0.016556291390729,0,0,0,0,0,0,0.18157895,0.157894736842105,0.047368421052632,0,0.00827815,0.008278145695364,0,0,0,0,0,0,0,0,0,0,0.01572848,0.013245033112583,0.004966887417219,0,0.0125,0.0125,0,0,0.15175439,0.126315789473684,0.047368421052632,0,0.01572848,0.013245033112583,0.004966887417219,0,0.0125,0.0125,0,0,0.15175439,0.126315789473684,0.047368421052632,0,0.01572848,0.013245033112583,0.004966887417219,0,0.0125,0.0125,0,0,0.15175439,0.126315789473684,0.047368421052632,0,0.01738411,0.016556291390729,0.001655629139073,0,0.0125,0.0125,0,0,0.1754386,0.173684210526316,0,0,0.01738411,0.016556291390729,0.001655629139073,0,0.0125,0.0125,0,0,0.1754386,0.173684210526316,0,0,0.01738411,0.016556291390729,0.001655629139073,0,0.0125,0.0125,0,0,0.1754386,0.173684210526316,0,0,0.0165563,0.014900662251656,0.003311258278146,0,0.0125,0.0125,0,0,0.15526316,0.131578947368421,0.047368421052632,0,0.0165563,0.014900662251656,0.003311258278146,0,0.0125,0.0125,0,0,0.15526316,0.131578947368421,0.047368421052632,0,0.02152318,0.021523178807947,0,0,0,0,0,0,0.12017544,0.115789473684211,0.005263157894737,0
nGram_5-numRule_1000-supA_20.0-supB_20.0-condAB_0.1-condBA_0.05,0.0165563,0.016556291390729,0,0,0,0,0,0,0.18157895,0.157894736842105,0.047368421052632,0,0.0165563,0.016556291390729,0,0,0,0,0,0,0.18157895,0.157894736842105,0.047368421052632,0,0.02317881,0.02317880794702,0,0,0,0,0,0,0.05263158,0.052631578947369,0,0,0.0165563,0.016556291390729,0,0,0,0,0,0,0.18157895,0.157894736842105,0.047368421052632,0,0.01490067,0.014900662251656,0,0,0,0,0,0,0.16052632,0.157894736842105,0.005263157894737,0,0.0165563,0.016556291390729,0,0,0,0,0,0,0.18157895,0.157894736842105,0.047368421052632,0,0.0165563,0.016556291390729,0,0,0,0,0,0,0.18157895,0.157894736842105,0.047368421052632,0,0.00827815,0.008278145695364,0,0,0,0,0,0,0,0,0,0,0.01572848,0.014900662251656,0.001655629139073,0,0,0,0,0,0.1754386,0.147368421052632,0.052631578947369,0,0.01572848,0.014900662251656,0.001655629139073,0,0,0,0,0,0.1754386,0.147368421052632,0.052631578947369,0,0.01572848,0.014900662251656,0.001655629139073,0,0,0,0,0,0.1754386,0.147368421052632,0.052631578947369,0,0.01572848,0.014900662251656,0.001655629139073,0,0,0,0,0,0.19912281,0.194736842105263,0.005263157894737,0,0.01572848,0.014900662251656,0.001655629139073,0,0,0,0,0,0.19912281,0.194736842105263,0.005263157894737,0,0.01572848,0.014900662251656,0.001655629139073,0,0,0,0,0,0.19912281,0.194736842105263,0.005263157894737,0,0.0165563,0.016556291390729,0,0,0,0,0,0,0.18157895,0.157894736842105,0.047368421052632,0,0.0165563,0.016556291390729,0,0,0,0,0,0,0.18157895,0.157894736842105,0.047368421052632,0,0.02152318,0.021523178807947,0,0,0,0,0,0,0.12017544,0.115789473684211,0.005263157894737,0
nGram_5-numRule_1000-supA_20.0-supB_20.0-condAB_0.1-condBA_0.1,0.0165563,0.016556291390729,0,0,0,0,0,0,0.18157895,0.157894736842105,0.047368421052632,0,0.0165563,0.016556291390729,0,0,0,0,0,0,0.18157895,0.157894736842105,0.047368421052632,0,0.02317881,0.02317880794702,0,0,0,0,0,0,0.05263158,0.052631578947369,0,0,0.0165563,0.016556291390729,0,0,0,0,0,0,0.18157895,0.157894736842105,0.047368421052632,0,0.01490067,0.014900662251656,0,0,0,0,0,0,0.16052632,0.157894736842105,0.005263157894737,0,0.0165563,0.016556291390729,0,0,0,0,0,0,0.18157895,0.157894736842105,0.047368421052632,0,0.0165563,0.016556291390729,0,0,0,0,0,0,0.18157895,0.157894736842105,0.047368421052632,0,0.00827815,0.008278145695364,0,0,0,0,0,0,0,0,0,0,0.01572848,0.014900662251656,0.001655629139073,0,0,0,0,0,0.1754386,0.147368421052632,0.052631578947369,0,0.01572848,0.014900662251656,0.001655629139073,0,0,0,0,0,0.1754386,0.147368421052632,0.052631578947369,0,0.01572848,0.014900662251656,0.001655629139073,0,0,0,0,0,0.1754386,0.147368421052632,0.052631578947369,0,0.01572848,0.014900662251656,0.001655629139073,0,0,0,0,0,0.19912281,0.194736842105263,0.005263157894737,0,0.01572848,0.014900662251656,0.001655629139073,0,0,0,0,0,0.19912281,0.194736842105263,0.005263157894737,0,0.01572848,0.014900662251656,0.001655629139073,0,0,0,0,0,0.19912281,0.194736842105263,0.005263157894737,0,0.0165563,0.016556291390729,0,0,0,0,0,0,0.18157895,0.157894736842105,0.047368421052632,0,0.0165563,0.016556291390729,0,0,0,0,0,0,0.18157895,0.157894736842105,0.047368421052632,0,0.02152318,0.021523178807947,0,0,0,0,0,0,0.12017544,0.115789473684211,0.005263157894737,0
nGram_5-numRule_10000-supA_100.0-supB_100.0-condAB_0.05-condBA_0.05,0.01903974,0.018211920529801,0.001655629139073,0,0.0125,0.0125,0,0,0.17894737,0.178947368421053,0,0,0.01903974,0.018211920529801,0.001655629139073,0,0.0125,0.0125,0,0,0.17894737,0.178947368421053,0,0,0.02483444,0.024834437086093,0,0,0,0,0,0,0.05263158,0.052631578947369,0,0,0.01986755,0.019867549668874,0,0,0.01875,0.01875,0,0,0.17894737,0.178947368421053,0,0,0.01490067,0.014900662251656,0,0,0.0125,0.0125,0,0,0.15263158,0.152631578947368,0,0,0.01903974,0.018211920529801,0.001655629139073,0,0.0125,0.0125,0,0,0.17894737,0.178947368421053,0,0,0.0165563,0.016556291390729,0,0,0.0125,0.0125,0,0,0.2,0.2,0,0,0.00827815,0.008278145695364,0,0,0,0,0,0,0,0,0,0,0.01903974,0.018211920529801,0.001655629139073,0,0.0125,0.0125,0,0,0.17631579,0.173684210526316,0.005263157894737,0,0.01903974,0.018211920529801,0.001655629139073,0,0.0125,0.0125,0,0,0.17631579,0.173684210526316,0.005263157894737,0,0.01903974,0.018211920529801,0.001655629139073,0,0.0125,0.0125,0,0,0.17631579,0.173684210526316,0.005263157894737,0,0.01903974,0.018211920529801,0.001655629139073,0,0.0125,0.0125,0,0,0.17631579,0.173684210526316,0.005263157894737,0,0.01903974,0.018211920529801,0.001655629139073,0,0.0125,0.0125,0,0,0.17631579,0.173684210526316,0.005263157894737,0,0.01903974,0.018211920529801,0.001655629139073,0,0.0125,0.0125,0,0,0.17631579,0.173684210526316,0.005263157894737,0,0.01903974,0.018211920529801,0.001655629139073,0,0.0125,0.0125,0,0,0.17894737,0.178947368421053,0,0,0.01903974,0.018211920529801,0.001655629139073,0,0.0125,0.0125,0,0,0.17894737,0.178947368421053,0,0,0.02483444,0.024834437086093,0,0,0,0,0,0,0.12105264,0.121052631578947,0,0
nGram_5-numRule_10000-supA_100.0-supB_100.0-condAB_0.05-condBA_0.1,0.01903974,0.018211920529801,0.001655629139073,0,0.0125,0.0125,0,0,0.17894737,0.178947368421053,0,0,0.01903974,0.018211920529801,0.001655629139073,0,0.0125,0.0125,0,0,0.17894737,0.178947368421053,0,0,0.02483444,0.024834437086093,0,0,0,0,0,0,0.05263158,0.052631578947369,0,0,0.01986755,0.019867549668874,0,0,0.01875,0.01875,0,0,0.17894737,0.178947368421053,0,0,0.01490067,0.014900662251656,0,0,0.0125,0.0125,0,0,0.15263158,0.152631578947368,0,0,0.01903974,0.018211920529801,0.001655629139073,0,0.0125,0.0125,0,0,0.17894737,0.178947368421053,0,0,0.0165563,0.016556291390729,0,0,0.0125,0.0125,0,0,0.2,0.2,0,0,0.00827815,0.008278145695364,0,0,0,0,0,0,0,0,0,0,0.01903974,0.018211920529801,0.001655629139073,0,0.0125,0.0125,0,0,0.17631579,0.173684210526316,0.005263157894737,0,0.01903974,0.018211920529801,0.001655629139073,0,0.0125,0.0125,0,0,0.17631579,0.173684210526316,0.005263157894737,0,0.01903974,0.018211920529801,0.001655629139073,0,0.0125,0.0125,0,0,0.17631579,0.173684210526316,0.005263157894737,0,0.01903974,0.018211920529801,0.001655629139073,0,0.0125,0.0125,0,0,0.17631579,0.173684210526316,0.005263157894737,0,0.01903974,0.018211920529801,0.001655629139073,0,0.0125,0.0125,0,0,0.17631579,0.173684210526316,0.005263157894737,0,0.01903974,0.018211920529801,0.001655629139073,0,0.0125,0.0125,0,0,0.17631579,0.173684210526316,0.005263157894737,0,0.01903974,0.018211920529801,0.001655629139073,0,0.0125,0.0125,0,0,0.17894737,0.178947368421053,0,0,0.01903974,0.018211920529801,0.001655629139073,0,0.0125,0.0125,0,0,0.17894737,0.178947368421053,0,0,0.02483444,0.024834437086093,0,0,0,0,0,0,0.12105264,0.121052631578947,0,0
nGram_5-numRule_10000-supA_100.0-supB_100.0-condAB_0.1-condBA_0.05,0.0165563,0.016556291390729,0,0,0.0125,0.0125,0,0,0.2,0.2,0,0,0.0165563,0.016556291390729,0,0,0.0125,0.0125,0,0,0.2,0.2,0,0,0.02483444,0.024834437086093,0,0,0,0,0,0,0.05263158,0.052631578947369,0,0,0.0165563,0.016556291390729,0,0,0.0125,0.0125,0,0,0.2,0.2,0,0,0.01490067,0.014900662251656,0,0,0.0125,0.0125,0,0,0.15263158,0.152631578947368,0,0,0.0165563,0.016556291390729,0,0,0.0125,0.0125,0,0,0.2,0.2,0,0,0.0165563,0.016556291390729,0,0,0.0125,0.0125,0,0,0.2,0.2,0,0,0.00827815,0.008278145695364,0,0,0,0,0,0,0,0,0,0,0.01572848,0.014900662251656,0.001655629139073,0,0.0125,0.0125,0,0,0.19736843,0.194736842105263,0.005263157894737,0,0.01572848,0.014900662251656,0.001655629139073,0,0.0125,0.0125,0,0,0.19736843,0.194736842105263,0.005263157894737,0,0.01572848,0.014900662251656,0.001655629139073,0,0.0125,0.0125,0,0,0.19736843,0.194736842105263,0.005263157894737,0,0.01572848,0.014900662251656,0.001655629139073,0,0.0125,0.0125,0,0,0.19736843,0.194736842105263,0.005263157894737,0,0.01572848,0.014900662251656,0.001655629139073,0,0.0125,0.0125,0,0,0.19736843,0.194736842105263,0.005263157894737,0,0.01407285,0.013245033112583,0.001655629139073,0,0.0125,0.0125,0,0,0.19736843,0.194736842105263,0.005263157894737,0,0.0165563,0.016556291390729,0,0,0.0125,0.0125,0,0,0.2,0.2,0,0,0.0165563,0.016556291390729,0,0,0.0125,0.0125,0,0,0.2,0.2,0,0,0.02483444,0.024834437086093,0,0,0,0,0,0,0.12105264,0.121052631578947,0,0
nGram_5-numRule_10000-supA_100.0-supB_100.0-condAB_0.1-condBA_0.1,0.0165563,0.016556291390729,0,0,0.0125,0.0125,0,0,0.2,0.2,0,0,0.0165563,0.016556291390729,0,0,0.0125,0.0125,0,0,0.2,0.2,0,0,0.02483444,0.024834437086093,0,0,0,0,0,0,0.05263158,0.052631578947369,0,0,0.0165563,0.016556291390729,0,0,0.0125,0.0125,0,0,0.2,0.2,0,0,0.01490067,0.014900662251656,0,0,0.0125,0.0125,0,0,0.15263158,0.152631578947368,0,0,0.0165563,0.016556291390729,0,0,0.0125,0.0125,0,0,0.2,0.2,0,0,0.0165563,0.016556291390729,0,0,0.0125,0.0125,0,0,0.2,0.2,0,0,0.00827815,0.008278145695364,0,0,0,0,0,0,0,0,0,0,0.01572848,0.014900662251656,0.001655629139073,0,0.0125,0.0125,0,0,0.19736843,0.194736842105263,0.005263157894737,0,0.01572848,0.014900662251656,0.001655629139073,0,0.0125,0.0125,0,0,0.19736843,0.194736842105263,0.005263157894737,0,0.01572848,0.014900662251656,0.001655629139073,0,0.0125,0.0125,0,0,0.19736843,0.194736842105263,0.005263157894737,0,0.01572848,0.014900662251656,0.001655629139073,0,0.0125,0.0125,0,0,0.19736843,0.194736842105263,0.005263157894737,0,0.01572848,0.014900662251656,0.001655629139073,0,0.0125,0.0125,0,0,0.19736843,0.194736842105263,0.005263157894737,0,0.01407285,0.013245033112583,0.001655629139073,0,0.0125,0.0125,0,0,0.19736843,0.194736842105263,0.005263157894737,0,0.0165563,0.016556291390729,0,0,0.0125,0.0125,0,0,0.2,0.2,0,0,0.0165563,0.016556291390729,0,0,0.0125,0.0125,0,0,0.2,0.2,0,0,0.02483444,0.024834437086093,0,0,0,0,0,0,0.12105264,0.121052631578947,0,0
nGram_5-numRule_10000-supA_100.0-supB_20.0-condAB_0.05-condBA_0.05,0.0165563,0.014900662251656,0.003311258278146,0,0.0125,0.0125,0,0,0.15526316,0.131578947368421,0.047368421052632,0,0.0165563,0.014900662251656,0.003311258278146,0,0.0125,0.0125,0,0,0.15526316,0.131578947368421,0.047368421052632,0,0.02483444,0.024834437086093,0,0,0,0,0,0,0.05263158,0.052631578947369,0,0,0.0165563,0.014900662251656,0.003311258278146,0,0.01875,0.01875,0,0,0.15526316,0.131578947368421,0.047368421052632,0,0.01490067,0.014900662251656,0,0,0,0,0,0,0.16052632,0.157894736842105,0.005263157894737,0,0.0165563,0.014900662251656,0.003311258278146,0,0.0125,0.0125,0,0,0.15526316,0.131578947368421,0.047368421052632,0,0.0165563,0.016556291390729,0,0,0,0,0,0,0.18157895,0.157894736842105,0.047368421052632,0,0.00827815,0.008278145695364,0,0,0,0,0,0,0,0,0,0,0.01572848,0.013245033112583,0.004966887417219,0,0.0125,0.0125,0,0,0.15175439,0.126315789473684,0.047368421052632,0,0.01572848,0.013245033112583,0.004966887417219,0,0.0125,0.0125,0,0,0.15175439,0.126315789473684,0.047368421052632,0,0.01572848,0.013245033112583,0.004966887417219,0,0.0125,0.0125,0,0,0.15175439,0.126315789473684,0.047368421052632,0,0.01738411,0.016556291390729,0.001655629139073,0,0.0125,0.0125,0,0,0.1754386,0.173684210526316,0,0,0.01738411,0.016556291390729,0.001655629139073,0,0.0125,0.0125,0,0,0.1754386,0.173684210526316,0,0,0.01738411,0.016556291390729,0.001655629139073,0,0.0125,0.0125,0,0,0.1754386,0.173684210526316,0,0,0.0165563,0.014900662251656,0.003311258278146,0,0.0125,0.0125,0,0,0.15526316,0.131578947368421,0.047368421052632,0,0.0165563,0.014900662251656,0.003311258278146,0,0.0125,0.0125,0,0,0.15526316,0.131578947368421,0.047368421052632,0,0.02317881,0.02317880794702,0,0,0,0,0,0,0.12280702,0.121052631578947,0,0
nGram_5-numRule_10000-supA_100.0-supB_20.0-condAB_0.05-condBA_0.1,0.0165563,0.014900662251656,0.003311258278146,0,0.0125,0.0125,0,0,0.15526316,0.131578947368421,0.047368421052632,0,0.0165563,0.014900662251656,0.003311258278146,0,0.0125,0.0125,0,0,0.15526316,0.131578947368421,0.047368421052632,0,0.02483444,0.024834437086093,0,0,0,0,0,0,0.05263158,0.052631578947369,0,0,0.0165563,0.014900662251656,0.003311258278146,0,0.01875,0.01875,0,0,0.15526316,0.131578947368421,0.047368421052632,0,0.01490067,0.014900662251656,0,0,0,0,0,0,0.16052632,0.157894736842105,0.005263157894737,0,0.0165563,0.014900662251656,0.003311258278146,0,0.0125,0.0125,0,0,0.15526316,0.131578947368421,0.047368421052632,0,0.0165563,0.016556291390729,0,0,0,0,0,0,0.18157895,0.157894736842105,0.047368421052632,0,0.00827815,0.008278145695364,0,0,0,0,0,0,0,0,0,0,0.01572848,0.013245033112583,0.004966887417219,0,0.0125,0.0125,0,0,0.15175439,0.126315789473684,0.047368421052632,0,0.01572848,0.013245033112583,0.004966887417219,0,0.0125,0.0125,0,0,0.15175439,0.126315789473684,0.047368421052632,0,0.01572848,0.013245033112583,0.004966887417219,0,0.0125,0.0125,0,0,0.15175439,0.126315789473684,0.047368421052632,0,0.01738411,0.016556291390729,0.001655629139073,0,0.0125,0.0125,0,0,0.1754386,0.173684210526316,0,0,0.01738411,0.016556291390729,0.001655629139073,0,0.0125,0.0125,0,0,0.1754386,0.173684210526316,0,0,0.01738411,0.016556291390729,0.001655629139073,0,0.0125,0.0125,0,0,0.1754386,0.173684210526316,0,0,0.0165563,0.014900662251656,0.003311258278146,0,0.0125,0.0125,0,0,0.15526316,0.131578947368421,0.047368421052632,0,0.0165563,0.014900662251656,0.003311258278146,0,0.0125,0.0125,0,0,0.15526316,0.131578947368421,0.047368421052632,0,0.02317881,0.02317880794702,0,0,0,0,0,0,0.12280702,0.121052631578947,0,0
nGram_5-numRule_10000-supA_100.0-supB_20.0-condAB_0.1-condBA_0.05,0.0165563,0.016556291390729,0,0,0,0,0,0,0.18157895,0.157894736842105,0.047368421052632,0,0.0165563,0.016556291390729,0,0,0,0,0,0,0.18157895,0.157894736842105,0.047368421052632,0,0.02483444,0.024834437086093,0,0,0,0,0,0,0.05263158,0.052631578947369,0,0,0.0165563,0.016556291390729,0,0,0,0,0,0,0.18157895,0.157894736842105,0.047368421052632,0,0.01490067,0.014900662251656,0,0,0,0,0,0,0.16052632,0.157894736842105,0.005263157894737,0,0.0165563,0.016556291390729,0,0,0,0,0,0,0.18157895,0.157894736842105,0.047368421052632,0,0.0165563,0.016556291390729,0,0,0,0,0,0,0.18157895,0.157894736842105,0.047368421052632,0,0.00827815,0.008278145695364,0,0,0,0,0,0,0,0,0,0,0.01572848,0.014900662251656,0.001655629139073,0,0,0,0,0,0.1754386,0.147368421052632,0.052631578947369,0,0.01572848,0.014900662251656,0.001655629139073,0,0,0,0,0,0.1754386,0.147368421052632,0.052631578947369,0,0.01572848,0.014900662251656,0.001655629139073,0,0,0,0,0,0.1754386,0.147368421052632,0.052631578947369,0,0.01572848,0.014900662251656,0.001655629139073,0,0,0,0,0,0.19912281,0.194736842105263,0.005263157894737,0,0.01572848,0.014900662251656,0.001655629139073,0,0,0,0,0,0.19912281,0.194736842105263,0.005263157894737,0,0.01572848,0.014900662251656,0.001655629139073,0,0,0,0,0,0.19912281,0.194736842105263,0.005263157894737,0,0.0165563,0.016556291390729,0,0,0,0,0,0,0.18157895,0.157894736842105,0.047368421052632,0,0.0165563,0.016556291390729,0,0,0,0,0,0,0.18157895,0.157894736842105,0.047368421052632,0,0.02317881,0.02317880794702,0,0,0,0,0,0,0.12280702,0.121052631578947,0,0
nGram_5-numRule_10000-supA_100.0-supB_20.0-condAB_0.1-condBA_0.1,0.0165563,0.016556291390729,0,0,0,0,0,0,0.18157895,0.157894736842105,0.047368421052632,0,0.0165563,0.016556291390729,0,0,0,0,0,0,0.18157895,0.157894736842105,0.047368421052632,0,0.02483444,0.024834437086093,0,0,0,0,0,0,0.05263158,0.052631578947369,0,0,0.0165563,0.016556291390729,0,0,0,0,0,0,0.18157895,0.157894736842105,0.047368421052632,0,0.01490067,0.014900662251656,0,0,0,0,0,0,0.16052632,0.157894736842105,0.005263157894737,0,0.0165563,0.016556291390729,0,0,0,0,0,0,0.18157895,0.157894736842105,0.047368421052632,0,0.0165563,0.016556291390729,0,0,0,0,0,0,0.18157895,0.157894736842105,0.047368421052632,0,0.00827815,0.008278145695364,0,0,0,0,0,0,0,0,0,0,0.01572848,0.014900662251656,0.001655629139073,0,0,0,0,0,0.1754386,0.147368421052632,0.052631578947369,0,0.01572848,0.014900662251656,0.001655629139073,0,0,0,0,0,0.1754386,0.147368421052632,0.052631578947369,0,0.01572848,0.014900662251656,0.001655629139073,0,0,0,0,0,0.1754386,0.147368421052632,0.052631578947369,0,0.01572848,0.014900662251656,0.001655629139073,0,0,0,0,0,0.19912281,0.194736842105263,0.005263157894737,0,0.01572848,0.014900662251656,0.001655629139073,0,0,0,0,0,0.19912281,0.194736842105263,0.005263157894737,0,0.01572848,0.014900662251656,0.001655629139073,0,0,0,0,0,0.19912281,0.194736842105263,0.005263157894737,0,0.0165563,0.016556291390729,0,0,0,0,0,0,0.18157895,0.157894736842105,0.047368421052632,0,0.0165563,0.016556291390729,0,0,0,0,0,0,0.18157895,0.157894736842105,0.047368421052632,0,0.02317881,0.02317880794702,0,0,0,0,0,0,0.12280702,0.121052631578947,0,0
nGram_5-numRule_10000-supA_20.0-supB_100.0-condAB_0.05-condBA_0.05,0.01903974,0.018211920529801,0.001655629139073,0,0.0125,0.0125,0,0,0.17894737,0.178947368421053,0,0,0.01903974,0.018211920529801,0.001655629139073,0,0.0125,0.0125,0,0,0.17894737,0.178947368421053,0,0,0.02483444,0.024834437086093,0,0,0,0,0,0,0.05263158,0.052631578947369,0,0,0.01986755,0.019867549668874,0,0,0.01875,0.01875,0,0,0.17894737,0.178947368421053,0,0,0.01490067,0.014900662251656,0,0,0.0125,0.0125,0,0,0.15263158,0.152631578947368,0,0,0.01903974,0.018211920529801,0.001655629139073,0,0.0125,0.0125,0,0,0.17894737,0.178947368421053,0,0,0.0165563,0.016556291390729,0,0,0.0125,0.0125,0,0,0.2,0.2,0,0,0.00827815,0.008278145695364,0,0,0,0,0,0,0,0,0,0,0.01903974,0.018211920529801,0.001655629139073,0,0.0125,0.0125,0,0,0.17631579,0.173684210526316,0.005263157894737,0,0.01903974,0.018211920529801,0.001655629139073,0,0.0125,0.0125,0,0,0.17631579,0.173684210526316,0.005263157894737,0,0.01903974,0.018211920529801,0.001655629139073,0,0.0125,0.0125,0,0,0.17631579,0.173684210526316,0.005263157894737,0,0.01903974,0.018211920529801,0.001655629139073,0,0.0125,0.0125,0,0,0.17631579,0.173684210526316,0.005263157894737,0,0.01903974,0.018211920529801,0.001655629139073,0,0.0125,0.0125,0,0,0.17631579,0.173684210526316,0.005263157894737,0,0.01903974,0.018211920529801,0.001655629139073,0,0.0125,0.0125,0,0,0.17631579,0.173684210526316,0.005263157894737,0,0.01903974,0.018211920529801,0.001655629139073,0,0.0125,0.0125,0,0,0.17894737,0.178947368421053,0,0,0.01903974,0.018211920529801,0.001655629139073,0,0.0125,0.0125,0,0,0.17894737,0.178947368421053,0,0,0.02483444,0.024834437086093,0,0,0,0,0,0,0.12105264,0.121052631578947,0,0
nGram_5-numRule_10000-supA_20.0-supB_100.0-condAB_0.05-condBA_0.1,0.01903974,0.018211920529801,0.001655629139073,0,0.0125,0.0125,0,0,0.17894737,0.178947368421053,0,0,0.01903974,0.018211920529801,0.001655629139073,0,0.0125,0.0125,0,0,0.17894737,0.178947368421053,0,0,0.02483444,0.024834437086093,0,0,0,0,0,0,0.05263158,0.052631578947369,0,0,0.01986755,0.019867549668874,0,0,0.01875,0.01875,0,0,0.17894737,0.178947368421053,0,0,0.01490067,0.014900662251656,0,0,0.0125,0.0125,0,0,0.15263158,0.152631578947368,0,0,0.01903974,0.018211920529801,0.001655629139073,0,0.0125,0.0125,0,0,0.17894737,0.178947368421053,0,0,0.0165563,0.016556291390729,0,0,0.0125,0.0125,0,0,0.2,0.2,0,0,0.00827815,0.008278145695364,0,0,0,0,0,0,0,0,0,0,0.01903974,0.018211920529801,0.001655629139073,0,0.0125,0.0125,0,0,0.17631579,0.173684210526316,0.005263157894737,0,0.01903974,0.018211920529801,0.001655629139073,0,0.0125,0.0125,0,0,0.17631579,0.173684210526316,0.005263157894737,0,0.01903974,0.018211920529801,0.001655629139073,0,0.0125,0.0125,0,0,0.17631579,0.173684210526316,0.005263157894737,0,0.01903974,0.018211920529801,0.001655629139073,0,0.0125,0.0125,0,0,0.17631579,0.173684210526316,0.005263157894737,0,0.01903974,0.018211920529801,0.001655629139073,0,0.0125,0.0125,0,0,0.17631579,0.173684210526316,0.005263157894737,0,0.01903974,0.018211920529801,0.001655629139073,0,0.0125,0.0125,0,0,0.17631579,0.173684210526316,0.005263157894737,0,0.01903974,0.018211920529801,0.001655629139073,0,0.0125,0.0125,0,0,0.17894737,0.178947368421053,0,0,0.01903974,0.018211920529801,0.001655629139073,0,0.0125,0.0125,0,0,0.17894737,0.178947368421053,0,0,0.02483444,0.024834437086093,0,0,0,0,0,0,0.12105264,0.121052631578947,0,0
nGram_5-numRule_10000-supA_20.0-supB_100.0-condAB_0.1-condBA_0.05,0.0165563,0.016556291390729,0,0,0.0125,0.0125,0,0,0.2,0.2,0,0,0.0165563,0.016556291390729,0,0,0.0125,0.0125,0,0,0.2,0.2,0,0,0.02483444,0.024834437086093,0,0,0,0,0,0,0.05263158,0.052631578947369,0,0,0.0165563,0.016556291390729,0,0,0.0125,0.0125,0,0,0.2,0.2,0,0,0.01490067,0.014900662251656,0,0,0.0125,0.0125,0,0,0.15263158,0.152631578947368,0,0,0.0165563,0.016556291390729,0,0,0.0125,0.0125,0,0,0.2,0.2,0,0,0.0165563,0.016556291390729,0,0,0.0125,0.0125,0,0,0.2,0.2,0,0,0.00827815,0.008278145695364,0,0,0,0,0,0,0,0,0,0,0.01572848,0.014900662251656,0.001655629139073,0,0.0125,0.0125,0,0,0.19736843,0.194736842105263,0.005263157894737,0,0.01572848,0.014900662251656,0.001655629139073,0,0.0125,0.0125,0,0,0.19736843,0.194736842105263,0.005263157894737,0,0.01572848,0.014900662251656,0.001655629139073,0,0.0125,0.0125,0,0,0.19736843,0.194736842105263,0.005263157894737,0,0.01572848,0.014900662251656,0.001655629139073,0,0.0125,0.0125,0,0,0.19736843,0.194736842105263,0.005263157894737,0,0.01572848,0.014900662251656,0.001655629139073,0,0.0125,0.0125,0,0,0.19736843,0.194736842105263,0.005263157894737,0,0.01407285,0.013245033112583,0.001655629139073,0,0.0125,0.0125,0,0,0.19736843,0.194736842105263,0.005263157894737,0,0.0165563,0.016556291390729,0,0,0.0125,0.0125,0,0,0.2,0.2,0,0,0.0165563,0.016556291390729,0,0,0.0125,0.0125,0,0,0.2,0.2,0,0,0.02483444,0.024834437086093,0,0,0,0,0,0,0.12105264,0.121052631578947,0,0
nGram_5-numRule_10000-supA_20.0-supB_100.0-condAB_0.1-condBA_0.1,0.0165563,0.016556291390729,0,0,0.0125,0.0125,0,0,0.2,0.2,0,0,0.0165563,0.016556291390729,0,0,0.0125,0.0125,0,0,0.2,0.2,0,0,0.02483444,0.024834437086093,0,0,0,0,0,0,0.05263158,0.052631578947369,0,0,0.0165563,0.016556291390729,0,0,0.0125,0.0125,0,0,0.2,0.2,0,0,0.01490067,0.014900662251656,0,0,0.0125,0.0125,0,0,0.15263158,0.152631578947368,0,0,0.0165563,0.016556291390729,0,0,0.0125,0.0125,0,0,0.2,0.2,0,0,0.0165563,0.016556291390729,0,0,0.0125,0.0125,0,0,0.2,0.2,0,0,0.00827815,0.008278145695364,0,0,0,0,0,0,0,0,0,0,0.01572848,0.014900662251656,0.001655629139073,0,0.0125,0.0125,0,0,0.19736843,0.194736842105263,0.005263157894737,0,0.01572848,0.014900662251656,0.001655629139073,0,0.0125,0.0125,0,0,0.19736843,0.194736842105263,0.005263157894737,0,0.01572848,0.014900662251656,0.001655629139073,0,0.0125,0.0125,0,0,0.19736843,0.194736842105263,0.005263157894737,0,0.01572848,0.014900662251656,0.001655629139073,0,0.0125,0.0125,0,0,0.19736843,0.194736842105263,0.005263157894737,0,0.01572848,0.014900662251656,0.001655629139073,0,0.0125,0.0125,0,0,0.19736843,0.194736842105263,0.005263157894737,0,0.01407285,0.013245033112583,0.001655629139073,0,0.0125,0.0125,0,0,0.19736843,0.194736842105263,0.005263157894737,0,0.0165563,0.016556291390729,0,0,0.0125,0.0125,0,0,0.2,0.2,0,0,0.0165563,0.016556291390729,0,0,0.0125,0.0125,0,0,0.2,0.2,0,0,0.02483444,0.024834437086093,0,0,0,0,0,0,0.12105264,0.121052631578947,0,0
nGram_5-numRule_10000-supA_20.0-supB_20.0-condAB_0.05-condBA_0.05,0.0165563,0.014900662251656,0.003311258278146,0,0.0125,0.0125,0,0,0.15526316,0.131578947368421,0.047368421052632,0,0.0165563,0.014900662251656,0.003311258278146,0,0.0125,0.0125,0,0,0.15526316,0.131578947368421,0.047368421052632,0,0.02317881,0.02317880794702,0,0,0,0,0,0,0.05263158,0.052631578947369,0,0,0.0165563,0.014900662251656,0.003311258278146,0,0.01875,0.01875,0,0,0.15526316,0.131578947368421,0.047368421052632,0,0.01490067,0.014900662251656,0,0,0,0,0,0,0.16052632,0.157894736842105,0.005263157894737,0,0.0165563,0.014900662251656,0.003311258278146,0,0.0125,0.0125,0,0,0.15526316,0.131578947368421,0.047368421052632,0,0.0165563,0.016556291390729,0,0,0,0,0,0,0.18157895,0.157894736842105,0.047368421052632,0,0.00827815,0.008278145695364,0,0,0,0,0,0,0,0,0,0,0.01572848,0.013245033112583,0.004966887417219,0,0.0125,0.0125,0,0,0.15175439,0.126315789473684,0.047368421052632,0,0.01572848,0.013245033112583,0.004966887417219,0,0.0125,0.0125,0,0,0.15175439,0.126315789473684,0.047368421052632,0,0.01572848,0.013245033112583,0.004966887417219,0,0.0125,0.0125,0,0,0.15175439,0.126315789473684,0.047368421052632,0,0.01738411,0.016556291390729,0.001655629139073,0,0.0125,0.0125,0,0,0.1754386,0.173684210526316,0,0,0.01738411,0.016556291390729,0.001655629139073,0,0.0125,0.0125,0,0,0.1754386,0.173684210526316,0,0,0.01738411,0.016556291390729,0.001655629139073,0,0.0125,0.0125,0,0,0.1754386,0.173684210526316,0,0,0.0165563,0.014900662251656,0.003311258278146,0,0.0125,0.0125,0,0,0.15526316,0.131578947368421,0.047368421052632,0,0.0165563,0.014900662251656,0.003311258278146,0,0.0125,0.0125,0,0,0.15526316,0.131578947368421,0.047368421052632,0,0.02152318,0.021523178807947,0,0,0,0,0,0,0.12017544,0.115789473684211,0.005263157894737,0
nGram_5-numRule_10000-supA_20.0-supB_20.0-condAB_0.05-condBA_0.1,0.0165563,0.014900662251656,0.003311258278146,0,0.0125,0.0125,0,0,0.15526316,0.131578947368421,0.047368421052632,0,0.0165563,0.014900662251656,0.003311258278146,0,0.0125,0.0125,0,0,0.15526316,0.131578947368421,0.047368421052632,0,0.02317881,0.02317880794702,0,0,0,0,0,0,0.05263158,0.052631578947369,0,0,0.0165563,0.014900662251656,0.003311258278146,0,0.01875,0.01875,0,0,0.15526316,0.131578947368421,0.047368421052632,0,0.01490067,0.014900662251656,0,0,0,0,0,0,0.16052632,0.157894736842105,0.005263157894737,0,0.0165563,0.014900662251656,0.003311258278146,0,0.0125,0.0125,0,0,0.15526316,0.131578947368421,0.047368421052632,0,0.0165563,0.016556291390729,0,0,0,0,0,0,0.18157895,0.157894736842105,0.047368421052632,0,0.00827815,0.008278145695364,0,0,0,0,0,0,0,0,0,0,0.01572848,0.013245033112583,0.004966887417219,0,0.0125,0.0125,0,0,0.15175439,0.126315789473684,0.047368421052632,0,0.01572848,0.013245033112583,0.004966887417219,0,0.0125,0.0125,0,0,0.15175439,0.126315789473684,0.047368421052632,0,0.01572848,0.013245033112583,0.004966887417219,0,0.0125,0.0125,0,0,0.15175439,0.126315789473684,0.047368421052632,0,0.01738411,0.016556291390729,0.001655629139073,0,0.0125,0.0125,0,0,0.1754386,0.173684210526316,0,0,0.01738411,0.016556291390729,0.001655629139073,0,0.0125,0.0125,0,0,0.1754386,0.173684210526316,0,0,0.01738411,0.016556291390729,0.001655629139073,0,0.0125,0.0125,0,0,0.1754386,0.173684210526316,0,0,0.0165563,0.014900662251656,0.003311258278146,0,0.0125,0.0125,0,0,0.15526316,0.131578947368421,0.047368421052632,0,0.0165563,0.014900662251656,0.003311258278146,0,0.0125,0.0125,0,0,0.15526316,0.131578947368421,0.047368421052632,0,0.02152318,0.021523178807947,0,0,0,0,0,0,0.12017544,0.115789473684211,0.005263157894737,0
nGram_5-numRule_10000-supA_20.0-supB_20.0-condAB_0.1-condBA_0.05,0.0165563,0.016556291390729,0,0,0,0,0,0,0.18157895,0.157894736842105,0.047368421052632,0,0.0165563,0.016556291390729,0,0,0,0,0,0,0.18157895,0.157894736842105,0.047368421052632,0,0.02317881,0.02317880794702,0,0,0,0,0,0,0.05263158,0.052631578947369,0,0,0.0165563,0.016556291390729,0,0,0,0,0,0,0.18157895,0.157894736842105,0.047368421052632,0,0.01490067,0.014900662251656,0,0,0,0,0,0,0.16052632,0.157894736842105,0.005263157894737,0,0.0165563,0.016556291390729,0,0,0,0,0,0,0.18157895,0.157894736842105,0.047368421052632,0,0.0165563,0.016556291390729,0,0,0,0,0,0,0.18157895,0.157894736842105,0.047368421052632,0,0.00827815,0.008278145695364,0,0,0,0,0,0,0,0,0,0,0.01572848,0.014900662251656,0.001655629139073,0,0,0,0,0,0.1754386,0.147368421052632,0.052631578947369,0,0.01572848,0.014900662251656,0.001655629139073,0,0,0,0,0,0.1754386,0.147368421052632,0.052631578947369,0,0.01572848,0.014900662251656,0.001655629139073,0,0,0,0,0,0.1754386,0.147368421052632,0.052631578947369,0,0.01572848,0.014900662251656,0.001655629139073,0,0,0,0,0,0.19912281,0.194736842105263,0.005263157894737,0,0.01572848,0.014900662251656,0.001655629139073,0,0,0,0,0,0.19912281,0.194736842105263,0.005263157894737,0,0.01572848,0.014900662251656,0.001655629139073,0,0,0,0,0,0.19912281,0.194736842105263,0.005263157894737,0,0.0165563,0.016556291390729,0,0,0,0,0,0,0.18157895,0.157894736842105,0.047368421052632,0,0.0165563,0.016556291390729,0,0,0,0,0,0,0.18157895,0.157894736842105,0.047368421052632,0,0.02152318,0.021523178807947,0,0,0,0,0,0,0.12017544,0.115789473684211,0.005263157894737,0
nGram_5-numRule_10000-supA_20.0-supB_20.0-condAB_0.1-condBA_0.1,0.0165563,0.016556291390729,0,0,0,0,0,0,0.18157895,0.157894736842105,0.047368421052632,0,0.0165563,0.016556291390729,0,0,0,0,0,0,0.18157895,0.157894736842105,0.047368421052632,0,0.02317881,0.02317880794702,0,0,0,0,0,0,0.05263158,0.052631578947369,0,0,0.0165563,0.016556291390729,0,0,0,0,0,0,0.18157895,0.157894736842105,0.047368421052632,0,0.01490067,0.014900662251656,0,0,0,0,0,0,0.16052632,0.157894736842105,0.005263157894737,0,0.0165563,0.016556291390729,0,0,0,0,0,0,0.18157895,0.157894736842105,0.047368421052632,0,0.0165563,0.016556291390729,0,0,0,0,0,0,0.18157895,0.157894736842105,0.047368421052632,0,0.00827815,0.008278145695364,0,0,0,0,0,0,0,0,0,0,0.01572848,0.014900662251656,0.001655629139073,0,0,0,0,0,0.1754386,0.147368421052632,0.052631578947369,0,0.01572848,0.014900662251656,0.001655629139073,0,0,0,0,0,0.1754386,0.147368421052632,0.052631578947369,0,0.01572848,0.014900662251656,0.001655629139073,0,0,0,0,0,0.1754386,0.147368421052632,0.052631578947369,0,0.01572848,0.014900662251656,0.001655629139073,0,0,0,0,0,0.19912281,0.194736842105263,0.005263157894737,0,0.01572848,0.014900662251656,0.001655629139073,0,0,0,0,0,0.19912281,0.194736842105263,0.005263157894737,0,0.01572848,0.014900662251656,0.001655629139073,0,0,0,0,0,0.19912281,0.194736842105263,0.005263157894737,0,0.0165563,0.016556291390729,0,0,0,0,0,0,0.18157895,0.157894736842105,0.047368421052632,0,0.0165563,0.016556291390729,0,0,0,0,0,0,0.18157895,0.157894736842105,0.047368421052632,0,0.02152318,0.021523178807947,0,0,0,0,0,0,0.12017544,0.115789473684211,0.005263157894737,0
nGram_5-numRule_20000-supA_100.0-supB_100.0-condAB_0.05-condBA_0.05,0.01903974,0.018211920529801,0.001655629139073,0,0.0125,0.0125,0,0,0.17894737,0.178947368421053,0,0,0.01903974,0.018211920529801,0.001655629139073,0,0.0125,0.0125,0,0,0.17894737,0.178947368421053,0,0,0.02483444,0.024834437086093,0,0,0,0,0,0,0.05263158,0.052631578947369,0,0,0.01986755,0.019867549668874,0,0,0.01875,0.01875,0,0,0.17894737,0.178947368421053,0,0,0.01490067,0.014900662251656,0,0,0.0125,0.0125,0,0,0.15263158,0.152631578947368,0,0,0.01903974,0.018211920529801,0.001655629139073,0,0.0125,0.0125,0,0,0.17894737,0.178947368421053,0,0,0.0165563,0.016556291390729,0,0,0.0125,0.0125,0,0,0.2,0.2,0,0,0.00827815,0.008278145695364,0,0,0,0,0,0,0,0,0,0,0.01903974,0.018211920529801,0.001655629139073,0,0.0125,0.0125,0,0,0.17631579,0.173684210526316,0.005263157894737,0,0.01903974,0.018211920529801,0.001655629139073,0,0.0125,0.0125,0,0,0.17631579,0.173684210526316,0.005263157894737,0,0.01903974,0.018211920529801,0.001655629139073,0,0.0125,0.0125,0,0,0.17631579,0.173684210526316,0.005263157894737,0,0.01903974,0.018211920529801,0.001655629139073,0,0.0125,0.0125,0,0,0.17631579,0.173684210526316,0.005263157894737,0,0.01903974,0.018211920529801,0.001655629139073,0,0.0125,0.0125,0,0,0.17631579,0.173684210526316,0.005263157894737,0,0.01903974,0.018211920529801,0.001655629139073,0,0.0125,0.0125,0,0,0.17631579,0.173684210526316,0.005263157894737,0,0.01903974,0.018211920529801,0.001655629139073,0,0.0125,0.0125,0,0,0.17894737,0.178947368421053,0,0,0.01903974,0.018211920529801,0.001655629139073,0,0.0125,0.0125,0,0,0.17894737,0.178947368421053,0,0,0.02483444,0.024834437086093,0,0,0,0,0,0,0.12105264,0.121052631578947,0,0
nGram_5-numRule_20000-supA_100.0-supB_100.0-condAB_0.05-condBA_0.1,0.01903974,0.018211920529801,0.001655629139073,0,0.0125,0.0125,0,0,0.17894737,0.178947368421053,0,0,0.01903974,0.018211920529801,0.001655629139073,0,0.0125,0.0125,0,0,0.17894737,0.178947368421053,0,0,0.02483444,0.024834437086093,0,0,0,0,0,0,0.05263158,0.052631578947369,0,0,0.01986755,0.019867549668874,0,0,0.01875,0.01875,0,0,0.17894737,0.178947368421053,0,0,0.01490067,0.014900662251656,0,0,0.0125,0.0125,0,0,0.15263158,0.152631578947368,0,0,0.01903974,0.018211920529801,0.001655629139073,0,0.0125,0.0125,0,0,0.17894737,0.178947368421053,0,0,0.0165563,0.016556291390729,0,0,0.0125,0.0125,0,0,0.2,0.2,0,0,0.00827815,0.008278145695364,0,0,0,0,0,0,0,0,0,0,0.01903974,0.018211920529801,0.001655629139073,0,0.0125,0.0125,0,0,0.17631579,0.173684210526316,0.005263157894737,0,0.01903974,0.018211920529801,0.001655629139073,0,0.0125,0.0125,0,0,0.17631579,0.173684210526316,0.005263157894737,0,0.01903974,0.018211920529801,0.001655629139073,0,0.0125,0.0125,0,0,0.17631579,0.173684210526316,0.005263157894737,0,0.01903974,0.018211920529801,0.001655629139073,0,0.0125,0.0125,0,0,0.17631579,0.173684210526316,0.005263157894737,0,0.01903974,0.018211920529801,0.001655629139073,0,0.0125,0.0125,0,0,0.17631579,0.173684210526316,0.005263157894737,0,0.01903974,0.018211920529801,0.001655629139073,0,0.0125,0.0125,0,0,0.17631579,0.173684210526316,0.005263157894737,0,0.01903974,0.018211920529801,0.001655629139073,0,0.0125,0.0125,0,0,0.17894737,0.178947368421053,0,0,0.01903974,0.018211920529801,0.001655629139073,0,0.0125,0.0125,0,0,0.17894737,0.178947368421053,0,0,0.02483444,0.024834437086093,0,0,0,0,0,0,0.12105264,0.121052631578947,0,0
nGram_5-numRule_20000-supA_100.0-supB_100.0-condAB_0.1-condBA_0.05,0.0165563,0.016556291390729,0,0,0.0125,0.0125,0,0,0.2,0.2,0,0,0.0165563,0.016556291390729,0,0,0.0125,0.0125,0,0,0.2,0.2,0,0,0.02483444,0.024834437086093,0,0,0,0,0,0,0.05263158,0.052631578947369,0,0,0.0165563,0.016556291390729,0,0,0.0125,0.0125,0,0,0.2,0.2,0,0,0.01490067,0.014900662251656,0,0,0.0125,0.0125,0,0,0.15263158,0.152631578947368,0,0,0.0165563,0.016556291390729,0,0,0.0125,0.0125,0,0,0.2,0.2,0,0,0.0165563,0.016556291390729,0,0,0.0125,0.0125,0,0,0.2,0.2,0,0,0.00827815,0.008278145695364,0,0,0,0,0,0,0,0,0,0,0.01572848,0.014900662251656,0.001655629139073,0,0.0125,0.0125,0,0,0.19736843,0.194736842105263,0.005263157894737,0,0.01572848,0.014900662251656,0.001655629139073,0,0.0125,0.0125,0,0,0.19736843,0.194736842105263,0.005263157894737,0,0.01572848,0.014900662251656,0.001655629139073,0,0.0125,0.0125,0,0,0.19736843,0.194736842105263,0.005263157894737,0,0.01572848,0.014900662251656,0.001655629139073,0,0.0125,0.0125,0,0,0.19736843,0.194736842105263,0.005263157894737,0,0.01572848,0.014900662251656,0.001655629139073,0,0.0125,0.0125,0,0,0.19736843,0.194736842105263,0.005263157894737,0,0.01407285,0.013245033112583,0.001655629139073,0,0.0125,0.0125,0,0,0.19736843,0.194736842105263,0.005263157894737,0,0.0165563,0.016556291390729,0,0,0.0125,0.0125,0,0,0.2,0.2,0,0,0.0165563,0.016556291390729,0,0,0.0125,0.0125,0,0,0.2,0.2,0,0,0.02483444,0.024834437086093,0,0,0,0,0,0,0.12105264,0.121052631578947,0,0
nGram_5-numRule_20000-supA_100.0-supB_100.0-condAB_0.1-condBA_0.1,0.0165563,0.016556291390729,0,0,0.0125,0.0125,0,0,0.2,0.2,0,0,0.0165563,0.016556291390729,0,0,0.0125,0.0125,0,0,0.2,0.2,0,0,0.02483444,0.024834437086093,0,0,0,0,0,0,0.05263158,0.052631578947369,0,0,0.0165563,0.016556291390729,0,0,0.0125,0.0125,0,0,0.2,0.2,0,0,0.01490067,0.014900662251656,0,0,0.0125,0.0125,0,0,0.15263158,0.152631578947368,0,0,0.0165563,0.016556291390729,0,0,0.0125,0.0125,0,0,0.2,0.2,0,0,0.0165563,0.016556291390729,0,0,0.0125,0.0125,0,0,0.2,0.2,0,0,0.00827815,0.008278145695364,0,0,0,0,0,0,0,0,0,0,0.01572848,0.014900662251656,0.001655629139073,0,0.0125,0.0125,0,0,0.19736843,0.194736842105263,0.005263157894737,0,0.01572848,0.014900662251656,0.001655629139073,0,0.0125,0.0125,0,0,0.19736843,0.194736842105263,0.005263157894737,0,0.01572848,0.014900662251656,0.001655629139073,0,0.0125,0.0125,0,0,0.19736843,0.194736842105263,0.005263157894737,0,0.01572848,0.014900662251656,0.001655629139073,0,0.0125,0.0125,0,0,0.19736843,0.194736842105263,0.005263157894737,0,0.01572848,0.014900662251656,0.001655629139073,0,0.0125,0.0125,0,0,0.19736843,0.194736842105263,0.005263157894737,0,0.01407285,0.013245033112583,0.001655629139073,0,0.0125,0.0125,0,0,0.19736843,0.194736842105263,0.005263157894737,0,0.0165563,0.016556291390729,0,0,0.0125,0.0125,0,0,0.2,0.2,0,0,0.0165563,0.016556291390729,0,0,0.0125,0.0125,0,0,0.2,0.2,0,0,0.02483444,0.024834437086093,0,0,0,0,0,0,0.12105264,0.121052631578947,0,0
nGram_5-numRule_20000-supA_100.0-supB_20.0-condAB_0.05-condBA_0.05,0.0165563,0.014900662251656,0.003311258278146,0,0.0125,0.0125,0,0,0.15526316,0.131578947368421,0.047368421052632,0,0.0165563,0.014900662251656,0.003311258278146,0,0.0125,0.0125,0,0,0.15526316,0.131578947368421,0.047368421052632,0,0.02483444,0.024834437086093,0,0,0,0,0,0,0.05263158,0.052631578947369,0,0,0.0165563,0.014900662251656,0.003311258278146,0,0.01875,0.01875,0,0,0.15526316,0.131578947368421,0.047368421052632,0,0.01490067,0.014900662251656,0,0,0,0,0,0,0.16052632,0.157894736842105,0.005263157894737,0,0.0165563,0.014900662251656,0.003311258278146,0,0.0125,0.0125,0,0,0.15526316,0.131578947368421,0.047368421052632,0,0.0165563,0.016556291390729,0,0,0,0,0,0,0.18157895,0.157894736842105,0.047368421052632,0,0.00827815,0.008278145695364,0,0,0,0,0,0,0,0,0,0,0.01572848,0.013245033112583,0.004966887417219,0,0.0125,0.0125,0,0,0.15175439,0.126315789473684,0.047368421052632,0,0.01572848,0.013245033112583,0.004966887417219,0,0.0125,0.0125,0,0,0.15175439,0.126315789473684,0.047368421052632,0,0.01572848,0.013245033112583,0.004966887417219,0,0.0125,0.0125,0,0,0.15175439,0.126315789473684,0.047368421052632,0,0.01738411,0.016556291390729,0.001655629139073,0,0.0125,0.0125,0,0,0.1754386,0.173684210526316,0,0,0.01738411,0.016556291390729,0.001655629139073,0,0.0125,0.0125,0,0,0.1754386,0.173684210526316,0,0,0.01738411,0.016556291390729,0.001655629139073,0,0.0125,0.0125,0,0,0.1754386,0.173684210526316,0,0,0.0165563,0.014900662251656,0.003311258278146,0,0.0125,0.0125,0,0,0.15526316,0.131578947368421,0.047368421052632,0,0.0165563,0.014900662251656,0.003311258278146,0,0.0125,0.0125,0,0,0.15526316,0.131578947368421,0.047368421052632,0,0.02317881,0.02317880794702,0,0,0,0,0,0,0.12280702,0.121052631578947,0,0
nGram_5-numRule_20000-supA_100.0-supB_20.0-condAB_0.05-condBA_0.1,0.0165563,0.014900662251656,0.003311258278146,0,0.0125,0.0125,0,0,0.15526316,0.131578947368421,0.047368421052632,0,0.0165563,0.014900662251656,0.003311258278146,0,0.0125,0.0125,0,0,0.15526316,0.131578947368421,0.047368421052632,0,0.02483444,0.024834437086093,0,0,0,0,0,0,0.05263158,0.052631578947369,0,0,0.0165563,0.014900662251656,0.003311258278146,0,0.01875,0.01875,0,0,0.15526316,0.131578947368421,0.047368421052632,0,0.01490067,0.014900662251656,0,0,0,0,0,0,0.16052632,0.157894736842105,0.005263157894737,0,0.0165563,0.014900662251656,0.003311258278146,0,0.0125,0.0125,0,0,0.15526316,0.131578947368421,0.047368421052632,0,0.0165563,0.016556291390729,0,0,0,0,0,0,0.18157895,0.157894736842105,0.047368421052632,0,0.00827815,0.008278145695364,0,0,0,0,0,0,0,0,0,0,0.01572848,0.013245033112583,0.004966887417219,0,0.0125,0.0125,0,0,0.15175439,0.126315789473684,0.047368421052632,0,0.01572848,0.013245033112583,0.004966887417219,0,0.0125,0.0125,0,0,0.15175439,0.126315789473684,0.047368421052632,0,0.01572848,0.013245033112583,0.004966887417219,0,0.0125,0.0125,0,0,0.15175439,0.126315789473684,0.047368421052632,0,0.01738411,0.016556291390729,0.001655629139073,0,0.0125,0.0125,0,0,0.1754386,0.173684210526316,0,0,0.01738411,0.016556291390729,0.001655629139073,0,0.0125,0.0125,0,0,0.1754386,0.173684210526316,0,0,0.01738411,0.016556291390729,0.001655629139073,0,0.0125,0.0125,0,0,0.1754386,0.173684210526316,0,0,0.0165563,0.014900662251656,0.003311258278146,0,0.0125,0.0125,0,0,0.15526316,0.131578947368421,0.047368421052632,0,0.0165563,0.014900662251656,0.003311258278146,0,0.0125,0.0125,0,0,0.15526316,0.131578947368421,0.047368421052632,0,0.02317881,0.02317880794702,0,0,0,0,0,0,0.12280702,0.121052631578947,0,0
nGram_5-numRule_20000-supA_100.0-supB_20.0-condAB_0.1-condBA_0.05,0.0165563,0.016556291390729,0,0,0,0,0,0,0.18157895,0.157894736842105,0.047368421052632,0,0.0165563,0.016556291390729,0,0,0,0,0,0,0.18157895,0.157894736842105,0.047368421052632,0,0.02483444,0.024834437086093,0,0,0,0,0,0,0.05263158,0.052631578947369,0,0,0.0165563,0.016556291390729,0,0,0,0,0,0,0.18157895,0.157894736842105,0.047368421052632,0,0.01490067,0.014900662251656,0,0,0,0,0,0,0.16052632,0.157894736842105,0.005263157894737,0,0.0165563,0.016556291390729,0,0,0,0,0,0,0.18157895,0.157894736842105,0.047368421052632,0,0.0165563,0.016556291390729,0,0,0,0,0,0,0.18157895,0.157894736842105,0.047368421052632,0,0.00827815,0.008278145695364,0,0,0,0,0,0,0,0,0,0,0.01572848,0.014900662251656,0.001655629139073,0,0,0,0,0,0.1754386,0.147368421052632,0.052631578947369,0,0.01572848,0.014900662251656,0.001655629139073,0,0,0,0,0,0.1754386,0.147368421052632,0.052631578947369,0,0.01572848,0.014900662251656,0.001655629139073,0,0,0,0,0,0.1754386,0.147368421052632,0.052631578947369,0,0.01572848,0.014900662251656,0.001655629139073,0,0,0,0,0,0.19912281,0.194736842105263,0.005263157894737,0,0.01572848,0.014900662251656,0.001655629139073,0,0,0,0,0,0.19912281,0.194736842105263,0.005263157894737,0,0.01572848,0.014900662251656,0.001655629139073,0,0,0,0,0,0.19912281,0.194736842105263,0.005263157894737,0,0.0165563,0.016556291390729,0,0,0,0,0,0,0.18157895,0.157894736842105,0.047368421052632,0,0.0165563,0.016556291390729,0,0,0,0,0,0,0.18157895,0.157894736842105,0.047368421052632,0,0.02317881,0.02317880794702,0,0,0,0,0,0,0.12280702,0.121052631578947,0,0
nGram_5-numRule_20000-supA_100.0-supB_20.0-condAB_0.1-condBA_0.1,0.0165563,0.016556291390729,0,0,0,0,0,0,0.18157895,0.157894736842105,0.047368421052632,0,0.0165563,0.016556291390729,0,0,0,0,0,0,0.18157895,0.157894736842105,0.047368421052632,0,0.02483444,0.024834437086093,0,0,0,0,0,0,0.05263158,0.052631578947369,0,0,0.0165563,0.016556291390729,0,0,0,0,0,0,0.18157895,0.157894736842105,0.047368421052632,0,0.01490067,0.014900662251656,0,0,0,0,0,0,0.16052632,0.157894736842105,0.005263157894737,0,0.0165563,0.016556291390729,0,0,0,0,0,0,0.18157895,0.157894736842105,0.047368421052632,0,0.0165563,0.016556291390729,0,0,0,0,0,0,0.18157895,0.157894736842105,0.047368421052632,0,0.00827815,0.008278145695364,0,0,0,0,0,0,0,0,0,0,0.01572848,0.014900662251656,0.001655629139073,0,0,0,0,0,0.1754386,0.147368421052632,0.052631578947369,0,0.01572848,0.014900662251656,0.001655629139073,0,0,0,0,0,0.1754386,0.147368421052632,0.052631578947369,0,0.01572848,0.014900662251656,0.001655629139073,0,0,0,0,0,0.1754386,0.147368421052632,0.052631578947369,0,0.01572848,0.014900662251656,0.001655629139073,0,0,0,0,0,0.19912281,0.194736842105263,0.005263157894737,0,0.01572848,0.014900662251656,0.001655629139073,0,0,0,0,0,0.19912281,0.194736842105263,0.005263157894737,0,0.01572848,0.014900662251656,0.001655629139073,0,0,0,0,0,0.19912281,0.194736842105263,0.005263157894737,0,0.0165563,0.016556291390729,0,0,0,0,0,0,0.18157895,0.157894736842105,0.047368421052632,0,0.0165563,0.016556291390729,0,0,0,0,0,0,0.18157895,0.157894736842105,0.047368421052632,0,0.02317881,0.02317880794702,0,0,0,0,0,0,0.12280702,0.121052631578947,0,0
nGram_5-numRule_20000-supA_20.0-supB_100.0-condAB_0.05-condBA_0.05,0.01903974,0.018211920529801,0.001655629139073,0,0.0125,0.0125,0,0,0.17894737,0.178947368421053,0,0,0.01903974,0.018211920529801,0.001655629139073,0,0.0125,0.0125,0,0,0.17894737,0.178947368421053,0,0,0.02483444,0.024834437086093,0,0,0,0,0,0,0.05263158,0.052631578947369,0,0,0.01986755,0.019867549668874,0,0,0.01875,0.01875,0,0,0.17894737,0.178947368421053,0,0,0.01490067,0.014900662251656,0,0,0.0125,0.0125,0,0,0.15263158,0.152631578947368,0,0,0.01903974,0.018211920529801,0.001655629139073,0,0.0125,0.0125,0,0,0.17894737,0.178947368421053,0,0,0.0165563,0.016556291390729,0,0,0.0125,0.0125,0,0,0.2,0.2,0,0,0.00827815,0.008278145695364,0,0,0,0,0,0,0,0,0,0,0.01903974,0.018211920529801,0.001655629139073,0,0.0125,0.0125,0,0,0.17631579,0.173684210526316,0.005263157894737,0,0.01903974,0.018211920529801,0.001655629139073,0,0.0125,0.0125,0,0,0.17631579,0.173684210526316,0.005263157894737,0,0.01903974,0.018211920529801,0.001655629139073,0,0.0125,0.0125,0,0,0.17631579,0.173684210526316,0.005263157894737,0,0.01903974,0.018211920529801,0.001655629139073,0,0.0125,0.0125,0,0,0.17631579,0.173684210526316,0.005263157894737,0,0.01903974,0.018211920529801,0.001655629139073,0,0.0125,0.0125,0,0,0.17631579,0.173684210526316,0.005263157894737,0,0.01903974,0.018211920529801,0.001655629139073,0,0.0125,0.0125,0,0,0.17631579,0.173684210526316,0.005263157894737,0,0.01903974,0.018211920529801,0.001655629139073,0,0.0125,0.0125,0,0,0.17894737,0.178947368421053,0,0,0.01903974,0.018211920529801,0.001655629139073,0,0.0125,0.0125,0,0,0.17894737,0.178947368421053,0,0,0.02483444,0.024834437086093,0,0,0,0,0,0,0.12105264,0.121052631578947,0,0
nGram_5-numRule_20000-supA_20.0-supB_100.0-condAB_0.05-condBA_0.1,0.01903974,0.018211920529801,0.001655629139073,0,0.0125,0.0125,0,0,0.17894737,0.178947368421053,0,0,0.01903974,0.018211920529801,0.001655629139073,0,0.0125,0.0125,0,0,0.17894737,0.178947368421053,0,0,0.02483444,0.024834437086093,0,0,0,0,0,0,0.05263158,0.052631578947369,0,0,0.01986755,0.019867549668874,0,0,0.01875,0.01875,0,0,0.17894737,0.178947368421053,0,0,0.01490067,0.014900662251656,0,0,0.0125,0.0125,0,0,0.15263158,0.152631578947368,0,0,0.01903974,0.018211920529801,0.001655629139073,0,0.0125,0.0125,0,0,0.17894737,0.178947368421053,0,0,0.0165563,0.016556291390729,0,0,0.0125,0.0125,0,0,0.2,0.2,0,0,0.00827815,0.008278145695364,0,0,0,0,0,0,0,0,0,0,0.01903974,0.018211920529801,0.001655629139073,0,0.0125,0.0125,0,0,0.17631579,0.173684210526316,0.005263157894737,0,0.01903974,0.018211920529801,0.001655629139073,0,0.0125,0.0125,0,0,0.17631579,0.173684210526316,0.005263157894737,0,0.01903974,0.018211920529801,0.001655629139073,0,0.0125,0.0125,0,0,0.17631579,0.173684210526316,0.005263157894737,0,0.01903974,0.018211920529801,0.001655629139073,0,0.0125,0.0125,0,0,0.17631579,0.173684210526316,0.005263157894737,0,0.01903974,0.018211920529801,0.001655629139073,0,0.0125,0.0125,0,0,0.17631579,0.173684210526316,0.005263157894737,0,0.01903974,0.018211920529801,0.001655629139073,0,0.0125,0.0125,0,0,0.17631579,0.173684210526316,0.005263157894737,0,0.01903974,0.018211920529801,0.001655629139073,0,0.0125,0.0125,0,0,0.17894737,0.178947368421053,0,0,0.01903974,0.018211920529801,0.001655629139073,0,0.0125,0.0125,0,0,0.17894737,0.178947368421053,0,0,0.02483444,0.024834437086093,0,0,0,0,0,0,0.12105264,0.121052631578947,0,0
nGram_5-numRule_20000-supA_20.0-supB_100.0-condAB_0.1-condBA_0.05,0.0165563,0.016556291390729,0,0,0.0125,0.0125,0,0,0.2,0.2,0,0,0.0165563,0.016556291390729,0,0,0.0125,0.0125,0,0,0.2,0.2,0,0,0.02483444,0.024834437086093,0,0,0,0,0,0,0.05263158,0.052631578947369,0,0,0.0165563,0.016556291390729,0,0,0.0125,0.0125,0,0,0.2,0.2,0,0,0.01490067,0.014900662251656,0,0,0.0125,0.0125,0,0,0.15263158,0.152631578947368,0,0,0.0165563,0.016556291390729,0,0,0.0125,0.0125,0,0,0.2,0.2,0,0,0.0165563,0.016556291390729,0,0,0.0125,0.0125,0,0,0.2,0.2,0,0,0.00827815,0.008278145695364,0,0,0,0,0,0,0,0,0,0,0.01572848,0.014900662251656,0.001655629139073,0,0.0125,0.0125,0,0,0.19736843,0.194736842105263,0.005263157894737,0,0.01572848,0.014900662251656,0.001655629139073,0,0.0125,0.0125,0,0,0.19736843,0.194736842105263,0.005263157894737,0,0.01572848,0.014900662251656,0.001655629139073,0,0.0125,0.0125,0,0,0.19736843,0.194736842105263,0.005263157894737,0,0.01572848,0.014900662251656,0.001655629139073,0,0.0125,0.0125,0,0,0.19736843,0.194736842105263,0.005263157894737,0,0.01572848,0.014900662251656,0.001655629139073,0,0.0125,0.0125,0,0,0.19736843,0.194736842105263,0.005263157894737,0,0.01407285,0.013245033112583,0.001655629139073,0,0.0125,0.0125,0,0,0.19736843,0.194736842105263,0.005263157894737,0,0.0165563,0.016556291390729,0,0,0.0125,0.0125,0,0,0.2,0.2,0,0,0.0165563,0.016556291390729,0,0,0.0125,0.0125,0,0,0.2,0.2,0,0,0.02483444,0.024834437086093,0,0,0,0,0,0,0.12105264,0.121052631578947,0,0
nGram_5-numRule_20000-supA_20.0-supB_100.0-condAB_0.1-condBA_0.1,0.0165563,0.016556291390729,0,0,0.0125,0.0125,0,0,0.2,0.2,0,0,0.0165563,0.016556291390729,0,0,0.0125,0.0125,0,0,0.2,0.2,0,0,0.02483444,0.024834437086093,0,0,0,0,0,0,0.05263158,0.052631578947369,0,0,0.0165563,0.016556291390729,0,0,0.0125,0.0125,0,0,0.2,0.2,0,0,0.01490067,0.014900662251656,0,0,0.0125,0.0125,0,0,0.15263158,0.152631578947368,0,0,0.0165563,0.016556291390729,0,0,0.0125,0.0125,0,0,0.2,0.2,0,0,0.0165563,0.016556291390729,0,0,0.0125,0.0125,0,0,0.2,0.2,0,0,0.00827815,0.008278145695364,0,0,0,0,0,0,0,0,0,0,0.01572848,0.014900662251656,0.001655629139073,0,0.0125,0.0125,0,0,0.19736843,0.194736842105263,0.005263157894737,0,0.01572848,0.014900662251656,0.001655629139073,0,0.0125,0.0125,0,0,0.19736843,0.194736842105263,0.005263157894737,0,0.01572848,0.014900662251656,0.001655629139073,0,0.0125,0.0125,0,0,0.19736843,0.194736842105263,0.005263157894737,0,0.01572848,0.014900662251656,0.001655629139073,0,0.0125,0.0125,0,0,0.19736843,0.194736842105263,0.005263157894737,0,0.01572848,0.014900662251656,0.001655629139073,0,0.0125,0.0125,0,0,0.19736843,0.194736842105263,0.005263157894737,0,0.01407285,0.013245033112583,0.001655629139073,0,0.0125,0.0125,0,0,0.19736843,0.194736842105263,0.005263157894737,0,0.0165563,0.016556291390729,0,0,0.0125,0.0125,0,0,0.2,0.2,0,0,0.0165563,0.016556291390729,0,0,0.0125,0.0125,0,0,0.2,0.2,0,0,0.02483444,0.024834437086093,0,0,0,0,0,0,0.12105264,0.121052631578947,0,0
nGram_5-numRule_20000-supA_20.0-supB_20.0-condAB_0.05-condBA_0.05,0.0165563,0.014900662251656,0.003311258278146,0,0.0125,0.0125,0,0,0.15526316,0.131578947368421,0.047368421052632,0,0.0165563,0.014900662251656,0.003311258278146,0,0.0125,0.0125,0,0,0.15526316,0.131578947368421,0.047368421052632,0,0.02317881,0.02317880794702,0,0,0,0,0,0,0.05263158,0.052631578947369,0,0,0.0165563,0.014900662251656,0.003311258278146,0,0.01875,0.01875,0,0,0.15526316,0.131578947368421,0.047368421052632,0,0.01490067,0.014900662251656,0,0,0,0,0,0,0.16052632,0.157894736842105,0.005263157894737,0,0.0165563,0.014900662251656,0.003311258278146,0,0.0125,0.0125,0,0,0.15526316,0.131578947368421,0.047368421052632,0,0.0165563,0.016556291390729,0,0,0,0,0,0,0.18157895,0.157894736842105,0.047368421052632,0,0.00827815,0.008278145695364,0,0,0,0,0,0,0,0,0,0,0.01572848,0.013245033112583,0.004966887417219,0,0.0125,0.0125,0,0,0.15175439,0.126315789473684,0.047368421052632,0,0.01572848,0.013245033112583,0.004966887417219,0,0.0125,0.0125,0,0,0.15175439,0.126315789473684,0.047368421052632,0,0.01572848,0.013245033112583,0.004966887417219,0,0.0125,0.0125,0,0,0.15175439,0.126315789473684,0.047368421052632,0,0.01738411,0.016556291390729,0.001655629139073,0,0.0125,0.0125,0,0,0.1754386,0.173684210526316,0,0,0.01738411,0.016556291390729,0.001655629139073,0,0.0125,0.0125,0,0,0.1754386,0.173684210526316,0,0,0.01738411,0.016556291390729,0.001655629139073,0,0.0125,0.0125,0,0,0.1754386,0.173684210526316,0,0,0.0165563,0.014900662251656,0.003311258278146,0,0.0125,0.0125,0,0,0.15526316,0.131578947368421,0.047368421052632,0,0.0165563,0.014900662251656,0.003311258278146,0,0.0125,0.0125,0,0,0.15526316,0.131578947368421,0.047368421052632,0,0.02152318,0.021523178807947,0,0,0,0,0,0,0.12017544,0.115789473684211,0.005263157894737,0
nGram_5-numRule_20000-supA_20.0-supB_20.0-condAB_0.05-condBA_0.1,0.0165563,0.014900662251656,0.003311258278146,0,0.0125,0.0125,0,0,0.15526316,0.131578947368421,0.047368421052632,0,0.0165563,0.014900662251656,0.003311258278146,0,0.0125,0.0125,0,0,0.15526316,0.131578947368421,0.047368421052632,0,0.02317881,0.02317880794702,0,0,0,0,0,0,0.05263158,0.052631578947369,0,0,0.0165563,0.014900662251656,0.003311258278146,0,0.01875,0.01875,0,0,0.15526316,0.131578947368421,0.047368421052632,0,0.01490067,0.014900662251656,0,0,0,0,0,0,0.16052632,0.157894736842105,0.005263157894737,0,0.0165563,0.014900662251656,0.003311258278146,0,0.0125,0.0125,0,0,0.15526316,0.131578947368421,0.047368421052632,0,0.0165563,0.016556291390729,0,0,0,0,0,0,0.18157895,0.157894736842105,0.047368421052632,0,0.00827815,0.008278145695364,0,0,0,0,0,0,0,0,0,0,0.01572848,0.013245033112583,0.004966887417219,0,0.0125,0.0125,0,0,0.15175439,0.126315789473684,0.047368421052632,0,0.01572848,0.013245033112583,0.004966887417219,0,0.0125,0.0125,0,0,0.15175439,0.126315789473684,0.047368421052632,0,0.01572848,0.013245033112583,0.004966887417219,0,0.0125,0.0125,0,0,0.15175439,0.126315789473684,0.047368421052632,0,0.01738411,0.016556291390729,0.001655629139073,0,0.0125,0.0125,0,0,0.1754386,0.173684210526316,0,0,0.01738411,0.016556291390729,0.001655629139073,0,0.0125,0.0125,0,0,0.1754386,0.173684210526316,0,0,0.01738411,0.016556291390729,0.001655629139073,0,0.0125,0.0125,0,0,0.1754386,0.173684210526316,0,0,0.0165563,0.014900662251656,0.003311258278146,0,0.0125,0.0125,0,0,0.15526316,0.131578947368421,0.047368421052632,0,0.0165563,0.014900662251656,0.003311258278146,0,0.0125,0.0125,0,0,0.15526316,0.131578947368421,0.047368421052632,0,0.02152318,0.021523178807947,0,0,0,0,0,0,0.12017544,0.115789473684211,0.005263157894737,0
nGram_5-numRule_20000-supA_20.0-supB_20.0-condAB_0.1-condBA_0.05,0.0165563,0.016556291390729,0,0,0,0,0,0,0.18157895,0.157894736842105,0.047368421052632,0,0.0165563,0.016556291390729,0,0,0,0,0,0,0.18157895,0.157894736842105,0.047368421052632,0,0.02317881,0.02317880794702,0,0,0,0,0,0,0.05263158,0.052631578947369,0,0,0.0165563,0.016556291390729,0,0,0,0,0,0,0.18157895,0.157894736842105,0.047368421052632,0,0.01490067,0.014900662251656,0,0,0,0,0,0,0.16052632,0.157894736842105,0.005263157894737,0,0.0165563,0.016556291390729,0,0,0,0,0,0,0.18157895,0.157894736842105,0.047368421052632,0,0.0165563,0.016556291390729,0,0,0,0,0,0,0.18157895,0.157894736842105,0.047368421052632,0,0.00827815,0.008278145695364,0,0,0,0,0,0,0,0,0,0,0.01572848,0.014900662251656,0.001655629139073,0,0,0,0,0,0.1754386,0.147368421052632,0.052631578947369,0,0.01572848,0.014900662251656,0.001655629139073,0,0,0,0,0,0.1754386,0.147368421052632,0.052631578947369,0,0.01572848,0.014900662251656,0.001655629139073,0,0,0,0,0,0.1754386,0.147368421052632,0.052631578947369,0,0.01572848,0.014900662251656,0.001655629139073,0,0,0,0,0,0.19912281,0.194736842105263,0.005263157894737,0,0.01572848,0.014900662251656,0.001655629139073,0,0,0,0,0,0.19912281,0.194736842105263,0.005263157894737,0,0.01572848,0.014900662251656,0.001655629139073,0,0,0,0,0,0.19912281,0.194736842105263,0.005263157894737,0,0.0165563,0.016556291390729,0,0,0,0,0,0,0.18157895,0.157894736842105,0.047368421052632,0,0.0165563,0.016556291390729,0,0,0,0,0,0,0.18157895,0.157894736842105,0.047368421052632,0,0.02152318,0.021523178807947,0,0,0,0,0,0,0.12017544,0.115789473684211,0.005263157894737,0
nGram_5-numRule_20000-supA_20.0-supB_20.0-condAB_0.1-condBA_0.1,0.0165563,0.016556291390729,0,0,0,0,0,0,0.18157895,0.157894736842105,0.047368421052632,0,0.0165563,0.016556291390729,0,0,0,0,0,0,0.18157895,0.157894736842105,0.047368421052632,0,0.02317881,0.02317880794702,0,0,0,0,0,0,0.05263158,0.052631578947369,0,0,0.0165563,0.016556291390729,0,0,0,0,0,0,0.18157895,0.157894736842105,0.047368421052632,0,0.01490067,0.014900662251656,0,0,0,0,0,0,0.16052632,0.157894736842105,0.005263157894737,0,0.0165563,0.016556291390729,0,0,0,0,0,0,0.18157895,0.157894736842105,0.047368421052632,0,0.0165563,0.016556291390729,0,0,0,0,0,0,0.18157895,0.157894736842105,0.047368421052632,0,0.00827815,0.008278145695364,0,0,0,0,0,0,0,0,0,0,0.01572848,0.014900662251656,0.001655629139073,0,0,0,0,0,0.1754386,0.147368421052632,0.052631578947369,0,0.01572848,0.014900662251656,0.001655629139073,0,0,0,0,0,0.1754386,0.147368421052632,0.052631578947369,0,0.01572848,0.014900662251656,0.001655629139073,0,0,0,0,0,0.1754386,0.147368421052632,0.052631578947369,0,0.01572848,0.014900662251656,0.001655629139073,0,0,0,0,0,0.19912281,0.194736842105263,0.005263157894737,0,0.01572848,0.014900662251656,0.001655629139073,0,0,0,0,0,0.19912281,0.194736842105263,0.005263157894737,0,0.01572848,0.014900662251656,0.001655629139073,0,0,0,0,0,0.19912281,0.194736842105263,0.005263157894737,0,0.0165563,0.016556291390729,0,0,0,0,0,0,0.18157895,0.157894736842105,0.047368421052632,0,0.0165563,0.016556291390729,0,0,0,0,0,0,0.18157895,0.157894736842105,0.047368421052632,0,0.02152318,0.021523178807947,0,0,0,0,0,0,0.12017544,0.115789473684211,0.005263157894737,0
Maximum Value,0.01903974,0.018211920529801,0.003311258278146,0,0.0125,0.0125,0,0,0.2,0.2,0.047368421052632,0,0.01903974,0.018211920529801,0.003311258278146,0,0.0125,0.0125,0,0,0.2,0.2,0.047368421052632,0,0.02483444,0.024834437086093,0,0,0,0,0,0,0.05263158,0.052631578947369,0,0,0.01986755,0.019867549668874,0.003311258278146,0,0.01875,0.01875,0,0,0.2,0.2,0.047368421052632,0,0.01490067,0.014900662251656,0,0,0.0125,0.0125,0,0,0.16052632,0.157894736842105,0.005263157894737,0,0.01903974,0.018211920529801,0.003311258278146,0,0.0125,0.0125,0,0,0.2,0.2,0.047368421052632,0,0.0165563,0.016556291390729,0,0,0.0125,0.0125,0,0,0.2,0.2,0.047368421052632,0,0.00827815,0.008278145695364,0,0,0,0,0,0,0,0,0,0,0.01903974,0.018211920529801,0.004966887417219,0,0.0125,0.0125,0,0,0.19736843,0.194736842105263,0.052631578947369,0,0.01903974,0.018211920529801,0.004966887417219,0,0.0125,0.0125,0,0,0.19736843,0.194736842105263,0.052631578947369,0,0.01903974,0.018211920529801,0.004966887417219,0,0.0125,0.0125,0,0,0.19736843,0.194736842105263,0.052631578947369,0,0.01903974,0.018211920529801,0.001655629139073,0,0.0125,0.0125,0,0,0.19912281,0.194736842105263,0.005263157894737,0,0.01903974,0.018211920529801,0.001655629139073,0,0.0125,0.0125,0,0,0.19912281,0.194736842105263,0.005263157894737,0,0.01903974,0.018211920529801,0.001655629139073,0,0.0125,0.0125,0,0,0.19912281,0.194736842105263,0.005263157894737,0,0.01903974,0.018211920529801,0.003311258278146,0,0.0125,0.0125,0,0,0.2,0.2,0.047368421052632,0,0.01903974,0.018211920529801,0.003311258278146,0,0.0125,0.0125,0,0,0.2,0.2,0.047368421052632,0,0.02483444,0.024834437086093,0,0,0,0,0,0,0.12280702,0.121052631578947,0.005263157894737,0
